Company,Job Title,Skills
EcoLogic,AI Researcher,"statistics, cv, machine learning"
QuantAI,Software Engineer,"cv, tensorflow, bioinformatics"
CyberHive,Postdoctoral Fellow,"java, sql, c++, python, deep learning"
EcoLogic,Data Analyst,"java, sql, tensorflow, python"
NeuroNet,AI Researcher,"pytorch, deep learning, nlp, tensorflow"
NeuroNet,AI Researcher,"scikit-learn, java, bioinformatics, sql, nlp"
DeepTech,Other,"tensorflow, statistics, deep learning, python"
EcoLogic,AI Researcher,"pytorch, java, data mining, c++"
NeuroNet,Systems Engineer,"python, deep learning, pytorch, machine learning, c++, nlp"
VisionaryAI,Postdoctoral Fellow,"statistics, tensorflow, pytorch, nlp, java, deep learning"
SmartBio,Data Analyst,"tensorflow, nlp, deep learning, java"
QuantumLeap,Systems Engineer,"sql, deep learning, pytorch, nlp"
DeepTech,Postdoctoral Fellow,"scikit-learn, c++, sql, nlp"
BioInno,Software Engineer,"deep learning, bioinformatics, machine learning, cv, scikit-learn"
CyberHive,Postdoctoral Fellow,"c++, statistics, bioinformatics, tensorflow, python"
SmartBio,R&D Scientist,"c++, sql, python, machine learning, deep learning, cv"
EcoLogic,AI Researcher,"sql, deep learning, bioinformatics, python, cv"
CyberHive,AI Researcher,"deep learning, data mining, nlp, statistics, scikit-learn, pytorch"
SmartBio,R&D Scientist,"tensorflow, python, data mining"
BioInno,Data Analyst,"cv, nlp, bioinformatics, c++, statistics, machine learning"
CyberHive,Systems Engineer,"tensorflow, data mining, bioinformatics, c++"
SmartBio,Software Engineer,"deep learning, cv, c++"
CyberHive,Software Engineer,"python, java, sql, deep learning, machine learning, data mining"
VisionaryAI,Software Engineer,"cv, nlp, python, pytorch"
VisionaryAI,Postdoctoral Fellow,"pytorch, nlp, python, deep learning, java, tensorflow"
DeepTech,Postdoctoral Fellow,"nlp, scikit-learn, c++, deep learning"
SmartBio,Postdoctoral Fellow,"machine learning, deep learning, data mining, scikit-learn, cv"
QuantAI,Other,"java, scikit-learn, statistics, cv, machine learning"
QuantumLeap,R&D Scientist,"sql, bioinformatics, scikit-learn, tensorflow"
SmartBio,AI Researcher,"statistics, machine learning, nlp, c++, python, tensorflow"
SmartBio,Postdoctoral Fellow,"nlp, scikit-learn, machine learning, bioinformatics"
SmartBio,R&D Scientist,"sql, deep learning, python, c++, cv, scikit-learn"
BioInno,R&D Scientist,"scikit-learn, bioinformatics, data mining, nlp"
BioInno,Data Analyst,"tensorflow, cv, c++, deep learning"
BioInno,AI Researcher,"c++, cv, tensorflow, pytorch, nlp"
CodeRoot,AI Researcher,"tensorflow, deep learning, scikit-learn, pytorch"
QuantumLeap,AI Researcher,"c++, sql, pytorch, statistics, tensorflow, machine learning"
QuantumLeap,Software Engineer,"scikit-learn, machine learning, java"
VisionaryAI,AI Researcher,"cv, machine learning, statistics, data mining, c++"
DeepTech,Software Engineer,"scikit-learn, java, statistics, c++"
QuantAI,AI Researcher,"c++, bioinformatics, sql, pytorch, deep learning"
CyberHive,Other,"data mining, tensorflow, pytorch, deep learning, sql"
DeepTech,AI Researcher,"statistics, pytorch, python, machine learning, deep learning"
EcoLogic,Other,"cv, data mining, machine learning, java"
CyberHive,Systems Engineer,"tensorflow, sql, pytorch, nlp, bioinformatics, data mining"
CodeRoot,Postdoctoral Fellow,"java, pytorch, bioinformatics, deep learning, cv"
CyberHive,R&D Scientist,"nlp, deep learning, sql, tensorflow, pytorch"
VisionaryAI,R&D Scientist,"bioinformatics, scikit-learn, machine learning, deep learning"
BioInno,R&D Scientist,"machine learning, java, tensorflow, nlp, data mining"
DeepTech,Data Analyst,"c++, pytorch, scikit-learn"
CodeRoot,Postdoctoral Fellow,"deep learning, sql, scikit-learn, tensorflow"
SmartBio,Other,"python, data mining, bioinformatics, nlp, scikit-learn"
SmartBio,Software Engineer,"data mining, tensorflow, java"
SmartBio,Systems Engineer,"sql, nlp, c++"
CyberHive,AI Researcher,"c++, nlp, tensorflow, python, cv"
CodeRoot,Data Analyst,"nlp, cv, tensorflow, machine learning, statistics, deep learning"
QuantAI,Data Analyst,"tensorflow, scikit-learn, deep learning, statistics, machine learning"
QuantAI,R&D Scientist,"statistics, machine learning, bioinformatics, sql"
NeuroNet,R&D Scientist,"tensorflow, pytorch, statistics"
CodeRoot,Software Engineer,"deep learning, python, cv, bioinformatics, tensorflow"
QuantumLeap,Data Analyst,"c++, data mining, python, statistics, cv"
QuantAI,Systems Engineer,"machine learning, c++, nlp, python"
VisionaryAI,Other,"sql, deep learning, machine learning, data mining, statistics, java"
QuantAI,Other,"tensorflow, cv, java"
BioInno,AI Researcher,"tensorflow, c++, cv, statistics, pytorch, bioinformatics"
BioInno,Other,"cv, pytorch, java, bioinformatics, data mining"
CodeRoot,Data Analyst,"java, nlp, machine learning, c++, cv, sql"
EcoLogic,Systems Engineer,"pytorch, machine learning, c++, nlp, java"
SmartBio,AI Researcher,"bioinformatics, python, scikit-learn"
CodeRoot,Other,"python, c++, machine learning, java, nlp, cv"
CyberHive,Systems Engineer,"c++, sql, pytorch"
VisionaryAI,R&D Scientist,"data mining, pytorch, cv, statistics, machine learning"
NeuroNet,AI Researcher,"sql, java, python"
QuantAI,Postdoctoral Fellow,"deep learning, java, pytorch"
VisionaryAI,Postdoctoral Fellow,"scikit-learn, sql, data mining, python"
EcoLogic,Software Engineer,"python, java, bioinformatics, c++, data mining"
SmartBio,R&D Scientist,"bioinformatics, statistics, tensorflow"
QuantumLeap,Software Engineer,"c++, sql, data mining, cv"
DeepTech,Other,"data mining, deep learning, scikit-learn, nlp"
SmartBio,R&D Scientist,"scikit-learn, python, tensorflow, c++, deep learning"
CyberHive,Systems Engineer,"pytorch, tensorflow, scikit-learn, python, bioinformatics, java"
DeepTech,R&D Scientist,"python, nlp, data mining, machine learning, sql"
QuantAI,Systems Engineer,"bioinformatics, c++, pytorch, deep learning"
QuantAI,Data Analyst,"python, sql, c++, deep learning, machine learning"
VisionaryAI,Postdoctoral Fellow,"pytorch, statistics, cv, tensorflow"
BioInno,AI Researcher,"tensorflow, machine learning, bioinformatics, java"
QuantumLeap,Postdoctoral Fellow,"machine learning, cv, c++, java"
DeepTech,AI Researcher,"bioinformatics, sql, deep learning, cv, python"
QuantAI,Postdoctoral Fellow,"bioinformatics, machine learning, c++"
DeepTech,R&D Scientist,"java, sql, bioinformatics, nlp, c++"
VisionaryAI,Systems Engineer,"python, cv, statistics, scikit-learn"
CyberHive,Software Engineer,"scikit-learn, machine learning, data mining, java"
NeuroNet,Systems Engineer,"c++, sql, python, tensorflow, cv, java"
CyberHive,Software Engineer,"java, data mining, pytorch, tensorflow, machine learning"
BioInno,Software Engineer,"deep learning, sql, cv, c++, data mining"
QuantAI,Systems Engineer,"deep learning, machine learning, cv, sql, c++, nlp"
DeepTech,Data Analyst,"pytorch, python, java, bioinformatics"
SmartBio,AI Researcher,"cv, statistics, data mining, nlp, tensorflow"
CyberHive,AI Researcher,"sql, nlp, cv, pytorch, tensorflow"
DeepTech,Other,"bioinformatics, c++, python, cv, statistics, scikit-learn"
SmartBio,R&D Scientist,"python, java, deep learning, bioinformatics, sql"
DeepTech,Other,"sql, deep learning, tensorflow, bioinformatics, java, python"
EcoLogic,R&D Scientist,"data mining, java, cv"
NeuroNet,Other,"tensorflow, scikit-learn, machine learning"
DeepTech,Postdoctoral Fellow,"tensorflow, c++, bioinformatics"
QuantAI,Other,"python, deep learning, pytorch, sql"
BioInno,AI Researcher,"deep learning, python, sql"
CodeRoot,Data Analyst,"bioinformatics, pytorch, java, statistics, tensorflow"
SmartBio,R&D Scientist,"machine learning, scikit-learn, python"
EcoLogic,Systems Engineer,"python, pytorch, sql, nlp"
SmartBio,AI Researcher,"data mining, java, cv"
VisionaryAI,Postdoctoral Fellow,"machine learning, c++, cv"
EcoLogic,R&D Scientist,"data mining, deep learning, sql, scikit-learn"
SmartBio,Data Analyst,"pytorch, deep learning, python"
VisionaryAI,Data Analyst,"pytorch, machine learning, python, sql"
BioInno,Data Analyst,"sql, pytorch, cv, java, python, bioinformatics"
EcoLogic,Software Engineer,"cv, data mining, python"
EcoLogic,R&D Scientist,"python, pytorch, deep learning, bioinformatics"
QuantAI,Postdoctoral Fellow,"scikit-learn, cv, bioinformatics, pytorch, python"
EcoLogic,Data Analyst,"python, sql, java, deep learning"
DeepTech,AI Researcher,"scikit-learn, java, tensorflow"
NeuroNet,Other,"machine learning, c++, statistics"
QuantumLeap,Software Engineer,"machine learning, java, pytorch, bioinformatics"
QuantAI,AI Researcher,"sql, python, deep learning, c++"
CyberHive,Other,"cv, pytorch, c++"
EcoLogic,Postdoctoral Fellow,"cv, c++, deep learning, statistics"
QuantAI,Data Analyst,"java, tensorflow, sql, machine learning, bioinformatics"
QuantumLeap,Postdoctoral Fellow,"deep learning, sql, nlp, c++, pytorch"
SmartBio,AI Researcher,"python, c++, tensorflow, cv, bioinformatics, statistics"
CodeRoot,Software Engineer,"java, statistics, python"
DeepTech,Systems Engineer,"nlp, java, pytorch, tensorflow, scikit-learn"
NeuroNet,Data Analyst,"python, java, sql"
CyberHive,Other,"machine learning, tensorflow, cv"
CyberHive,AI Researcher,"pytorch, cv, tensorflow, python, java, c++"
VisionaryAI,Data Analyst,"machine learning, bioinformatics, deep learning"
QuantAI,Software Engineer,"nlp, python, machine learning, sql, deep learning"
VisionaryAI,Other,"cv, deep learning, java, pytorch"
SmartBio,Postdoctoral Fellow,"cv, machine learning, statistics"
NeuroNet,Systems Engineer,"statistics, c++, machine learning, scikit-learn"
CodeRoot,Data Analyst,"tensorflow, python, deep learning, c++"
VisionaryAI,Other,"statistics, nlp, scikit-learn, tensorflow"
CodeRoot,R&D Scientist,"machine learning, nlp, data mining, cv, tensorflow, java"
DeepTech,Systems Engineer,"data mining, scikit-learn, tensorflow, python, pytorch, machine learning"
SmartBio,Systems Engineer,"scikit-learn, pytorch, c++, deep learning"
QuantumLeap,Systems Engineer,"nlp, scikit-learn, statistics, data mining, bioinformatics, cv"
BioInno,R&D Scientist,"sql, java, cv, statistics, c++, pytorch"
QuantumLeap,Data Analyst,"c++, data mining, scikit-learn, statistics"
CodeRoot,Software Engineer,"deep learning, cv, statistics"
DeepTech,Postdoctoral Fellow,"tensorflow, bioinformatics, java, sql, c++"
SmartBio,Data Analyst,"java, python, bioinformatics, c++, deep learning, statistics"
CodeRoot,Systems Engineer,"pytorch, python, scikit-learn"
NeuroNet,Postdoctoral Fellow,"cv, java, c++"
SmartBio,AI Researcher,"nlp, data mining, pytorch, sql"
VisionaryAI,Postdoctoral Fellow,"tensorflow, cv, nlp, c++, sql, python"
SmartBio,Postdoctoral Fellow,"java, data mining, pytorch"
QuantumLeap,Other,"statistics, python, java, machine learning, pytorch"
DeepTech,Systems Engineer,"tensorflow, deep learning, bioinformatics, data mining, pytorch, java"
BioInno,Systems Engineer,"deep learning, data mining, statistics, pytorch, python"
DeepTech,Software Engineer,"tensorflow, python, c++, pytorch, nlp, sql"
CyberHive,Software Engineer,"statistics, c++, sql"
SmartBio,AI Researcher,"bioinformatics, sql, tensorflow"
SmartBio,Postdoctoral Fellow,"statistics, pytorch, bioinformatics, machine learning, nlp, data mining"
EcoLogic,Other,"nlp, bioinformatics, machine learning"
CodeRoot,AI Researcher,"java, pytorch, tensorflow, data mining"
VisionaryAI,Postdoctoral Fellow,"scikit-learn, machine learning, data mining, java, nlp"
BioInno,AI Researcher,"python, machine learning, cv"
CodeRoot,AI Researcher,"nlp, cv, deep learning, c++, machine learning"
CodeRoot,R&D Scientist,"java, data mining, statistics, scikit-learn, nlp"
NeuroNet,R&D Scientist,"tensorflow, python, c++, cv, machine learning"
CyberHive,Other,"machine learning, c++, scikit-learn, data mining, cv"
SmartBio,Systems Engineer,"java, c++, bioinformatics, pytorch, tensorflow"
EcoLogic,Other,"sql, bioinformatics, scikit-learn"
CodeRoot,AI Researcher,"machine learning, c++, nlp, python"
QuantAI,Other,"python, cv, c++, nlp, statistics, bioinformatics"
SmartBio,Systems Engineer,"c++, java, tensorflow, statistics"
SmartBio,Postdoctoral Fellow,"c++, statistics, nlp, python"
VisionaryAI,Software Engineer,"python, nlp, java, cv, scikit-learn, tensorflow"
NeuroNet,Other,"python, pytorch, machine learning, data mining, java, deep learning"
SmartBio,AI Researcher,"tensorflow, nlp, data mining, statistics, java, c++"
QuantumLeap,Other,"pytorch, bioinformatics, c++, machine learning, scikit-learn, cv"
QuantAI,Data Analyst,"scikit-learn, python, statistics, data mining, deep learning"
QuantumLeap,R&D Scientist,"machine learning, scikit-learn, sql"
CodeRoot,Postdoctoral Fellow,"pytorch, nlp, c++, sql, scikit-learn"
DeepTech,Other,"c++, cv, java, bioinformatics, data mining, statistics"
NeuroNet,Software Engineer,"deep learning, data mining, c++, cv"
DeepTech,Postdoctoral Fellow,"cv, machine learning, java"
NeuroNet,AI Researcher,"cv, data mining, machine learning, pytorch, bioinformatics, statistics"
EcoLogic,Other,"statistics, nlp, c++, sql, tensorflow"
QuantAI,Software Engineer,"scikit-learn, bioinformatics, nlp, python, statistics, cv"
EcoLogic,Other,"nlp, java, scikit-learn, c++"
QuantumLeap,Other,"deep learning, java, data mining, cv"
VisionaryAI,Systems Engineer,"tensorflow, scikit-learn, c++, bioinformatics"
EcoLogic,AI Researcher,"sql, nlp, bioinformatics, java"
SmartBio,AI Researcher,"cv, scikit-learn, data mining, deep learning"
VisionaryAI,Other,"statistics, java, machine learning, cv, bioinformatics"
NeuroNet,R&D Scientist,"python, sql, c++, java, pytorch, statistics"
SmartBio,Postdoctoral Fellow,"java, cv, data mining, nlp"
DeepTech,R&D Scientist,"scikit-learn, machine learning, bioinformatics, statistics, deep learning"
BioInno,Other,"java, c++, machine learning"
QuantumLeap,R&D Scientist,"cv, java, statistics, c++, pytorch, nlp"
BioInno,Data Analyst,"sql, cv, java"
CyberHive,AI Researcher,"data mining, statistics, machine learning, deep learning"
BioInno,Postdoctoral Fellow,"machine learning, nlp, bioinformatics, data mining, python, tensorflow"
QuantumLeap,Software Engineer,"python, sql, deep learning"
NeuroNet,Other,"machine learning, nlp, c++"
SmartBio,R&D Scientist,"python, nlp, scikit-learn"
VisionaryAI,AI Researcher,"deep learning, java, python"
QuantAI,Other,"deep learning, scikit-learn, machine learning, c++"
SmartBio,AI Researcher,"cv, scikit-learn, nlp"
QuantAI,Software Engineer,"nlp, scikit-learn, python, sql"
DeepTech,AI Researcher,"tensorflow, nlp, scikit-learn, data mining, pytorch"
QuantAI,Software Engineer,"c++, sql, java"
QuantAI,Postdoctoral Fellow,"java, python, sql, nlp"
CyberHive,Systems Engineer,"data mining, sql, scikit-learn, deep learning, cv"
QuantumLeap,Postdoctoral Fellow,"python, nlp, pytorch, deep learning"
EcoLogic,AI Researcher,"data mining, c++, statistics, scikit-learn, cv"
CyberHive,Data Analyst,"bioinformatics, c++, scikit-learn, statistics"
VisionaryAI,Other,"java, sql, tensorflow, nlp"
BioInno,AI Researcher,"cv, data mining, pytorch"
SmartBio,Data Analyst,"pytorch, cv, nlp"
NeuroNet,Other,"nlp, c++, machine learning"
BioInno,Systems Engineer,"nlp, c++, scikit-learn, statistics, python, sql"
QuantumLeap,Postdoctoral Fellow,"pytorch, nlp, scikit-learn"
QuantumLeap,Data Analyst,"tensorflow, scikit-learn, sql, machine learning, deep learning"
QuantumLeap,Software Engineer,"data mining, java, machine learning"
VisionaryAI,R&D Scientist,"nlp, data mining, sql, tensorflow, machine learning, cv"
QuantumLeap,R&D Scientist,"statistics, nlp, data mining, tensorflow, scikit-learn"
CodeRoot,Systems Engineer,"tensorflow, c++, cv, pytorch"
SmartBio,R&D Scientist,"machine learning, java, bioinformatics, nlp, pytorch"
QuantumLeap,Postdoctoral Fellow,"pytorch, python, scikit-learn, statistics, java"
CodeRoot,Data Analyst,"sql, bioinformatics, data mining, cv, statistics, pytorch"
CodeRoot,Data Analyst,"deep learning, tensorflow, data mining"
VisionaryAI,Other,"cv, machine learning, statistics, tensorflow"
QuantAI,R&D Scientist,"deep learning, statistics, scikit-learn, bioinformatics, nlp"
NeuroNet,Other,"machine learning, pytorch, python, sql, cv"
SmartBio,Software Engineer,"statistics, java, sql, machine learning, bioinformatics, nlp"
SmartBio,R&D Scientist,"deep learning, scikit-learn, c++, tensorflow, nlp, data mining"
CyberHive,Other,"java, nlp, c++, cv, tensorflow"
CyberHive,Data Analyst,"bioinformatics, python, machine learning, deep learning"
CyberHive,R&D Scientist,"deep learning, statistics, bioinformatics, sql, cv"
CodeRoot,Other,"java, sql, nlp, machine learning"
VisionaryAI,Software Engineer,"tensorflow, cv, scikit-learn, java, sql, deep learning"
VisionaryAI,AI Researcher,"java, data mining, machine learning, nlp, bioinformatics, deep learning"
CodeRoot,Data Analyst,"deep learning, sql, scikit-learn, java"
SmartBio,Other,"machine learning, sql, nlp, python, c++, deep learning"
QuantAI,R&D Scientist,"bioinformatics, deep learning, scikit-learn, data mining, tensorflow"
CodeRoot,AI Researcher,"statistics, machine learning, c++, python, nlp"
QuantAI,Postdoctoral Fellow,"cv, java, bioinformatics, data mining, tensorflow, sql"
SmartBio,Systems Engineer,"nlp, pytorch, cv, data mining, scikit-learn, tensorflow"
CyberHive,Other,"scikit-learn, pytorch, sql, python"
VisionaryAI,Postdoctoral Fellow,"python, tensorflow, sql, data mining, nlp"
QuantAI,Data Analyst,"data mining, nlp, bioinformatics"
BioInno,Software Engineer,"cv, bioinformatics, statistics, tensorflow"
NeuroNet,Other,"cv, tensorflow, pytorch, scikit-learn"
NeuroNet,AI Researcher,"machine learning, pytorch, deep learning"
QuantumLeap,Other,"statistics, sql, tensorflow, data mining, deep learning"
QuantumLeap,Systems Engineer,"cv, nlp, bioinformatics, scikit-learn"
VisionaryAI,Systems Engineer,"statistics, data mining, scikit-learn, machine learning, python, bioinformatics"
DeepTech,Other,"java, cv, machine learning, sql"
CyberHive,Systems Engineer,"c++, pytorch, python"
DeepTech,Postdoctoral Fellow,"cv, c++, python, java, data mining"
DeepTech,Other,"deep learning, c++, tensorflow, cv, machine learning, bioinformatics"
CodeRoot,AI Researcher,"pytorch, bioinformatics, data mining, cv, sql"
BioInno,AI Researcher,"cv, python, bioinformatics, scikit-learn, machine learning, pytorch"
CodeRoot,Data Analyst,"pytorch, bioinformatics, sql"
BioInno,Data Analyst,"cv, sql, c++, machine learning, scikit-learn"
SmartBio,Systems Engineer,"statistics, machine learning, c++, tensorflow"
CodeRoot,Systems Engineer,"tensorflow, c++, statistics"
QuantAI,Systems Engineer,"deep learning, data mining, sql, nlp, c++, java"
SmartBio,R&D Scientist,"cv, c++, tensorflow"
SmartBio,AI Researcher,"cv, bioinformatics, statistics, c++, nlp, data mining"
VisionaryAI,AI Researcher,"deep learning, machine learning, bioinformatics, tensorflow"
BioInno,Other,"deep learning, java, python, bioinformatics"
CodeRoot,Software Engineer,"c++, statistics, bioinformatics, tensorflow"
QuantumLeap,Systems Engineer,"data mining, sql, nlp, tensorflow"
VisionaryAI,R&D Scientist,"python, java, c++, cv, machine learning, deep learning"
CyberHive,AI Researcher,"tensorflow, nlp, data mining, bioinformatics"
EcoLogic,Postdoctoral Fellow,"scikit-learn, nlp, bioinformatics, c++, pytorch, java"
CyberHive,Software Engineer,"data mining, bioinformatics, tensorflow, java, statistics"
CyberHive,Data Analyst,"pytorch, statistics, cv, scikit-learn"
QuantumLeap,R&D Scientist,"java, python, statistics, nlp, machine learning"
QuantAI,Systems Engineer,"nlp, java, scikit-learn"
BioInno,Systems Engineer,"pytorch, bioinformatics, cv, statistics, nlp, sql"
NeuroNet,AI Researcher,"statistics, java, cv, bioinformatics, sql"
QuantumLeap,Software Engineer,"bioinformatics, nlp, cv"
DeepTech,AI Researcher,"tensorflow, c++, python, machine learning, data mining"
SmartBio,Other,"bioinformatics, pytorch, nlp"
BioInno,Postdoctoral Fellow,"scikit-learn, java, c++"
EcoLogic,Data Analyst,"tensorflow, statistics, c++, bioinformatics, machine learning, scikit-learn"
VisionaryAI,Other,"deep learning, tensorflow, bioinformatics, sql"
VisionaryAI,R&D Scientist,"java, python, scikit-learn"
QuantAI,AI Researcher,"deep learning, tensorflow, java, statistics, scikit-learn"
BioInno,Software Engineer,"c++, cv, machine learning, statistics"
CodeRoot,Systems Engineer,"python, nlp, sql, pytorch, bioinformatics"
SmartBio,Postdoctoral Fellow,"sql, machine learning, cv, c++"
SmartBio,Data Analyst,"nlp, c++, tensorflow, scikit-learn, bioinformatics"
QuantumLeap,R&D Scientist,"bioinformatics, java, cv, scikit-learn, machine learning"
BioInno,Other,"deep learning, pytorch, python, scikit-learn, bioinformatics"
BioInno,Postdoctoral Fellow,"data mining, statistics, python, java"
CodeRoot,AI Researcher,"machine learning, bioinformatics, sql, nlp"
NeuroNet,Data Analyst,"deep learning, bioinformatics, cv"
BioInno,Software Engineer,"cv, machine learning, pytorch"
SmartBio,Data Analyst,"c++, python, statistics, scikit-learn, sql"
NeuroNet,R&D Scientist,"c++, bioinformatics, statistics"
DeepTech,AI Researcher,"machine learning, bioinformatics, c++, python, sql"
SmartBio,Other,"c++, machine learning, java, python"
BioInno,Software Engineer,"deep learning, scikit-learn, machine learning, sql"
VisionaryAI,Software Engineer,"tensorflow, data mining, cv, nlp, scikit-learn, machine learning"
CodeRoot,Postdoctoral Fellow,"machine learning, nlp, deep learning"
CodeRoot,Software Engineer,"scikit-learn, data mining, deep learning, machine learning"
VisionaryAI,Software Engineer,"nlp, cv, c++"
CodeRoot,Data Analyst,"pytorch, sql, data mining"
VisionaryAI,Systems Engineer,"statistics, python, c++, tensorflow, cv"
EcoLogic,Software Engineer,"nlp, java, tensorflow, machine learning, sql"
DeepTech,Other,"pytorch, tensorflow, deep learning, data mining, java, python"
VisionaryAI,Software Engineer,"statistics, cv, tensorflow"
BioInno,R&D Scientist,"pytorch, nlp, c++"
CyberHive,Other,"cv, statistics, data mining"
QuantAI,Software Engineer,"tensorflow, pytorch, cv"
BioInno,Systems Engineer,"bioinformatics, sql, statistics"
CyberHive,Data Analyst,"scikit-learn, data mining, sql, c++, pytorch"
QuantAI,Systems Engineer,"java, cv, data mining"
CodeRoot,R&D Scientist,"data mining, sql, java"
QuantumLeap,R&D Scientist,"deep learning, java, c++, tensorflow, nlp"
NeuroNet,Data Analyst,"tensorflow, java, bioinformatics, nlp"
BioInno,Other,"nlp, statistics, c++, pytorch, bioinformatics, data mining"
DeepTech,R&D Scientist,"nlp, data mining, scikit-learn"
VisionaryAI,Software Engineer,"nlp, machine learning, sql, bioinformatics, tensorflow"
VisionaryAI,R&D Scientist,"c++, sql, statistics, bioinformatics, java"
CyberHive,Postdoctoral Fellow,"statistics, python, tensorflow, bioinformatics, pytorch, cv"
CodeRoot,Postdoctoral Fellow,"data mining, tensorflow, python, nlp, machine learning"
QuantumLeap,Data Analyst,"tensorflow, scikit-learn, pytorch, machine learning, c++, cv"
QuantAI,R&D Scientist,"data mining, bioinformatics, machine learning"
DeepTech,AI Researcher,"pytorch, sql, c++, nlp, python, statistics"
QuantumLeap,Postdoctoral Fellow,"sql, bioinformatics, nlp, java, deep learning"
SmartBio,AI Researcher,"bioinformatics, sql, python"
BioInno,Other,"c++, nlp, scikit-learn, tensorflow, machine learning"
NeuroNet,AI Researcher,"cv, sql, java, deep learning"
CyberHive,AI Researcher,"scikit-learn, statistics, bioinformatics, cv, sql"
BioInno,Other,"data mining, deep learning, nlp, machine learning"
QuantAI,Data Analyst,"pytorch, tensorflow, java, statistics"
SmartBio,AI Researcher,"scikit-learn, machine learning, python, sql"
SmartBio,Systems Engineer,"python, sql, pytorch, data mining"
NeuroNet,AI Researcher,"data mining, nlp, machine learning, statistics, scikit-learn"
DeepTech,Systems Engineer,"nlp, data mining, statistics"
NeuroNet,Other,"cv, sql, bioinformatics, tensorflow, java, scikit-learn"
VisionaryAI,Systems Engineer,"pytorch, statistics, nlp, c++, bioinformatics, scikit-learn"
NeuroNet,Postdoctoral Fellow,"tensorflow, data mining, machine learning"
BioInno,Other,"statistics, deep learning, nlp, sql"
BioInno,Other,"pytorch, sql, nlp"
CodeRoot,Postdoctoral Fellow,"bioinformatics, deep learning, tensorflow, nlp, scikit-learn"
CyberHive,Software Engineer,"machine learning, pytorch, statistics, python, nlp, c++"
SmartBio,Systems Engineer,"sql, python, pytorch"
QuantAI,AI Researcher,"java, statistics, tensorflow, c++, scikit-learn, deep learning"
VisionaryAI,AI Researcher,"pytorch, sql, java, statistics, machine learning, python"
NeuroNet,R&D Scientist,"bioinformatics, java, pytorch, deep learning, cv"
QuantAI,Software Engineer,"nlp, tensorflow, machine learning, deep learning, scikit-learn, sql"
QuantAI,Data Analyst,"sql, c++, nlp"
NeuroNet,AI Researcher,"bioinformatics, tensorflow, scikit-learn"
CyberHive,Systems Engineer,"statistics, java, python, tensorflow, c++"
QuantAI,AI Researcher,"tensorflow, pytorch, java, bioinformatics, c++, scikit-learn"
QuantAI,Other,"data mining, deep learning, machine learning, cv"
EcoLogic,AI Researcher,"bioinformatics, tensorflow, machine learning, c++, deep learning"
CyberHive,AI Researcher,"python, tensorflow, machine learning, nlp"
QuantumLeap,Software Engineer,"scikit-learn, sql, deep learning, cv, statistics, data mining"
NeuroNet,Other,"bioinformatics, nlp, deep learning"
VisionaryAI,R&D Scientist,"bioinformatics, scikit-learn, python, nlp, java"
QuantAI,Software Engineer,"python, scikit-learn, pytorch, machine learning, sql"
NeuroNet,Postdoctoral Fellow,"deep learning, pytorch, nlp, statistics"
QuantumLeap,R&D Scientist,"data mining, c++, statistics, tensorflow, machine learning, cv"
DeepTech,Other,"bioinformatics, cv, pytorch, sql, statistics"
DeepTech,Other,"statistics, java, sql, bioinformatics, scikit-learn"
BioInno,Data Analyst,"cv, deep learning, c++"
EcoLogic,Other,"data mining, java, nlp, deep learning, sql, cv"
CodeRoot,AI Researcher,"java, bioinformatics, statistics, sql, machine learning, deep learning"
QuantumLeap,Systems Engineer,"scikit-learn, python, pytorch, c++"
CodeRoot,AI Researcher,"sql, nlp, pytorch, c++"
CyberHive,R&D Scientist,"machine learning, bioinformatics, statistics"
CodeRoot,Systems Engineer,"machine learning, scikit-learn, data mining, bioinformatics"
NeuroNet,R&D Scientist,"nlp, scikit-learn, c++"
DeepTech,Postdoctoral Fellow,"bioinformatics, pytorch, scikit-learn, c++, sql"
CodeRoot,Software Engineer,"bioinformatics, statistics, scikit-learn, pytorch, data mining"
QuantumLeap,Systems Engineer,"machine learning, statistics, python"
QuantAI,Software Engineer,"statistics, java, deep learning, pytorch, sql"
VisionaryAI,Systems Engineer,"machine learning, scikit-learn, c++, sql, nlp, data mining"
QuantumLeap,AI Researcher,"scikit-learn, deep learning, pytorch"
BioInno,Systems Engineer,"sql, cv, data mining, nlp, pytorch"
CodeRoot,Systems Engineer,"statistics, data mining, sql, cv"
NeuroNet,R&D Scientist,"bioinformatics, nlp, sql, python, statistics, pytorch"
BioInno,Other,"statistics, scikit-learn, tensorflow"
BioInno,Other,"bioinformatics, sql, statistics, scikit-learn, nlp, cv"
CodeRoot,Data Analyst,"c++, cv, deep learning, python"
BioInno,Data Analyst,"nlp, c++, python, pytorch, sql, scikit-learn"
EcoLogic,R&D Scientist,"data mining, scikit-learn, cv, pytorch, c++"
DeepTech,Data Analyst,"data mining, sql, java, c++, deep learning"
VisionaryAI,Systems Engineer,"cv, data mining, java"
BioInno,Postdoctoral Fellow,"python, scikit-learn, nlp, cv, statistics"
CyberHive,AI Researcher,"scikit-learn, deep learning, c++, data mining, python, bioinformatics"
QuantAI,Data Analyst,"tensorflow, c++, nlp, deep learning, scikit-learn, cv"
VisionaryAI,Postdoctoral Fellow,"bioinformatics, sql, pytorch, tensorflow, cv, statistics"
DeepTech,Software Engineer,"sql, python, machine learning, java, data mining, tensorflow"
QuantAI,Data Analyst,"machine learning, pytorch, statistics, sql, tensorflow, deep learning"
BioInno,R&D Scientist,"deep learning, nlp, python, machine learning"
VisionaryAI,AI Researcher,"tensorflow, sql, cv, data mining, python, scikit-learn"
NeuroNet,Systems Engineer,"nlp, scikit-learn, tensorflow"
DeepTech,Other,"c++, java, nlp, statistics"
DeepTech,AI Researcher,"data mining, nlp, deep learning, statistics, java, c++"
CodeRoot,AI Researcher,"python, nlp, deep learning, statistics, scikit-learn"
DeepTech,Postdoctoral Fellow,"machine learning, data mining, c++, sql"
NeuroNet,Systems Engineer,"c++, pytorch, java, python"
QuantAI,Other,"deep learning, tensorflow, pytorch"
SmartBio,AI Researcher,"nlp, scikit-learn, deep learning, cv"
CodeRoot,R&D Scientist,"cv, bioinformatics, pytorch"
QuantAI,Systems Engineer,"python, pytorch, nlp, tensorflow"
EcoLogic,Software Engineer,"tensorflow, java, cv, c++, data mining, deep learning"
NeuroNet,Software Engineer,"c++, machine learning, sql, python, bioinformatics, statistics"
DeepTech,AI Researcher,"statistics, java, scikit-learn, tensorflow"
CodeRoot,Data Analyst,"tensorflow, pytorch, machine learning, data mining, nlp, statistics"
NeuroNet,R&D Scientist,"nlp, bioinformatics, c++"
CyberHive,R&D Scientist,"python, scikit-learn, deep learning, cv, tensorflow, bioinformatics"
CyberHive,Systems Engineer,"sql, deep learning, nlp, statistics, tensorflow"
CodeRoot,AI Researcher,"data mining, statistics, sql, scikit-learn, deep learning, c++"
BioInno,R&D Scientist,"bioinformatics, python, pytorch, c++"
SmartBio,Other,"deep learning, machine learning, scikit-learn, data mining"
BioInno,Software Engineer,"java, c++, statistics, machine learning, scikit-learn, pytorch"
NeuroNet,Other,"machine learning, deep learning, tensorflow, java"
QuantumLeap,Postdoctoral Fellow,"bioinformatics, tensorflow, cv, scikit-learn, deep learning"
QuantAI,Postdoctoral Fellow,"deep learning, python, scikit-learn"
QuantumLeap,Systems Engineer,"sql, pytorch, nlp, machine learning"
NeuroNet,Postdoctoral Fellow,"machine learning, python, data mining, bioinformatics, scikit-learn"
EcoLogic,R&D Scientist,"nlp, java, data mining, bioinformatics, scikit-learn, deep learning"
QuantumLeap,Other,"java, machine learning, data mining"
QuantAI,Software Engineer,"deep learning, java, tensorflow"
BioInno,Systems Engineer,"cv, java, nlp, data mining, machine learning"
DeepTech,Systems Engineer,"nlp, deep learning, java, sql, scikit-learn, c++"
CodeRoot,Other,"statistics, cv, pytorch, java, nlp"
NeuroNet,Other,"machine learning, data mining, sql, pytorch, python"
NeuroNet,Other,"bioinformatics, tensorflow, deep learning, cv, pytorch, python"
QuantAI,Other,"statistics, nlp, java, deep learning, bioinformatics, c++"
NeuroNet,AI Researcher,"bioinformatics, c++, pytorch, machine learning, nlp"
DeepTech,Other,"statistics, cv, python, machine learning, scikit-learn"
NeuroNet,Other,"machine learning, nlp, deep learning, cv, bioinformatics"
NeuroNet,Postdoctoral Fellow,"java, scikit-learn, statistics"
NeuroNet,Software Engineer,"nlp, tensorflow, java, c++, cv, sql"
DeepTech,R&D Scientist,"tensorflow, bioinformatics, java"
NeuroNet,R&D Scientist,"machine learning, python, sql"
CyberHive,R&D Scientist,"bioinformatics, data mining, scikit-learn"
SmartBio,Systems Engineer,"nlp, machine learning, bioinformatics"
CyberHive,Software Engineer,"statistics, nlp, cv, python, sql, data mining"
SmartBio,AI Researcher,"cv, sql, data mining, scikit-learn, c++"
DeepTech,Other,"cv, tensorflow, machine learning, sql, pytorch, bioinformatics"
NeuroNet,Software Engineer,"bioinformatics, scikit-learn, java, pytorch, python"
EcoLogic,R&D Scientist,"tensorflow, sql, bioinformatics, python, c++, pytorch"
CodeRoot,Systems Engineer,"deep learning, bioinformatics, machine learning, java, statistics"
QuantAI,Data Analyst,"python, java, statistics"
BioInno,Other,"java, python, bioinformatics, c++, pytorch"
QuantAI,Software Engineer,"pytorch, scikit-learn, machine learning, cv"
QuantAI,Data Analyst,"scikit-learn, nlp, java, python, machine learning, c++"
NeuroNet,Postdoctoral Fellow,"c++, deep learning, pytorch, python, data mining"
CodeRoot,Software Engineer,"pytorch, sql, python, c++, machine learning"
QuantAI,R&D Scientist,"c++, deep learning, pytorch, scikit-learn, tensorflow, statistics"
VisionaryAI,Postdoctoral Fellow,"sql, cv, data mining, python, c++"
QuantAI,Systems Engineer,"java, machine learning, nlp, sql, scikit-learn, pytorch"
BioInno,Software Engineer,"statistics, c++, nlp, pytorch, sql, deep learning"
BioInno,Postdoctoral Fellow,"nlp, bioinformatics, statistics, tensorflow, sql, cv"
DeepTech,AI Researcher,"bioinformatics, statistics, data mining"
BioInno,Data Analyst,"data mining, cv, deep learning"
BioInno,R&D Scientist,"deep learning, nlp, sql, statistics"
QuantAI,R&D Scientist,"tensorflow, cv, java, data mining, scikit-learn, c++"
EcoLogic,Systems Engineer,"sql, pytorch, data mining, statistics"
VisionaryAI,R&D Scientist,"python, deep learning, nlp, bioinformatics, pytorch"
SmartBio,Systems Engineer,"machine learning, c++, nlp"
NeuroNet,Postdoctoral Fellow,"statistics, sql, tensorflow, bioinformatics, java, machine learning"
CyberHive,Data Analyst,"nlp, machine learning, c++, tensorflow"
DeepTech,Systems Engineer,"nlp, python, tensorflow, pytorch, c++, deep learning"
QuantAI,Postdoctoral Fellow,"scikit-learn, c++, java"
CodeRoot,Data Analyst,"bioinformatics, deep learning, java"
CodeRoot,Data Analyst,"sql, machine learning, python, tensorflow, statistics"
VisionaryAI,Systems Engineer,"data mining, python, statistics, bioinformatics, c++, tensorflow"
VisionaryAI,Data Analyst,"machine learning, pytorch, tensorflow, cv, python, nlp"
VisionaryAI,Other,"deep learning, scikit-learn, bioinformatics, pytorch, data mining, java"
SmartBio,Data Analyst,"python, machine learning, sql, tensorflow"
SmartBio,Postdoctoral Fellow,"python, statistics, nlp"
BioInno,Data Analyst,"sql, bioinformatics, data mining, pytorch"
DeepTech,Data Analyst,"sql, bioinformatics, data mining"
CyberHive,Postdoctoral Fellow,"java, cv, data mining, pytorch, nlp, tensorflow"
BioInno,R&D Scientist,"deep learning, java, python, cv, tensorflow, nlp"
CyberHive,AI Researcher,"deep learning, nlp, c++, sql"
DeepTech,Software Engineer,"c++, machine learning, statistics"
QuantumLeap,AI Researcher,"sql, pytorch, statistics, cv"
BioInno,Postdoctoral Fellow,"sql, c++, scikit-learn"
BioInno,R&D Scientist,"cv, bioinformatics, java, python"
QuantAI,Systems Engineer,"c++, sql, java"
DeepTech,Systems Engineer,"deep learning, bioinformatics, java"
SmartBio,Data Analyst,"machine learning, data mining, tensorflow, nlp"
NeuroNet,Postdoctoral Fellow,"scikit-learn, nlp, python, c++"
QuantAI,Postdoctoral Fellow,"java, data mining, sql, cv"
CyberHive,Other,"statistics, tensorflow, data mining, c++"
SmartBio,Other,"c++, scikit-learn, python"
QuantumLeap,Other,"python, pytorch, statistics, java, scikit-learn"
CodeRoot,Data Analyst,"bioinformatics, tensorflow, statistics, deep learning, nlp, machine learning"
SmartBio,Systems Engineer,"statistics, cv, scikit-learn, java, tensorflow"
SmartBio,AI Researcher,"scikit-learn, python, sql, nlp, machine learning, bioinformatics"
QuantumLeap,Data Analyst,"java, pytorch, cv, scikit-learn"
SmartBio,R&D Scientist,"bioinformatics, tensorflow, data mining, nlp, sql, pytorch"
CodeRoot,R&D Scientist,"c++, deep learning, data mining, sql, python"
NeuroNet,R&D Scientist,"sql, data mining, scikit-learn, bioinformatics, pytorch, deep learning"
NeuroNet,R&D Scientist,"bioinformatics, tensorflow, statistics, c++, cv, sql"
SmartBio,Other,"nlp, sql, tensorflow, pytorch, statistics"
VisionaryAI,Data Analyst,"pytorch, scikit-learn, java, c++"
EcoLogic,Postdoctoral Fellow,"sql, scikit-learn, c++, cv, java, tensorflow"
NeuroNet,AI Researcher,"nlp, tensorflow, c++, machine learning, sql, java"
QuantumLeap,Systems Engineer,"java, tensorflow, c++, python, bioinformatics, scikit-learn"
SmartBio,AI Researcher,"python, machine learning, c++, scikit-learn, sql, data mining"
DeepTech,Systems Engineer,"cv, machine learning, c++"
CyberHive,Systems Engineer,"data mining, nlp, sql, deep learning, cv, python"
SmartBio,Systems Engineer,"deep learning, cv, scikit-learn, machine learning"
QuantAI,Other,"statistics, deep learning, pytorch, java"
CyberHive,R&D Scientist,"sql, java, data mining"
NeuroNet,Postdoctoral Fellow,"nlp, c++, pytorch, sql, bioinformatics, statistics"
CyberHive,Data Analyst,"tensorflow, scikit-learn, data mining, python"
DeepTech,Postdoctoral Fellow,"cv, c++, deep learning"
DeepTech,Postdoctoral Fellow,"cv, sql, scikit-learn, java, c++, machine learning"
SmartBio,R&D Scientist,"scikit-learn, deep learning, pytorch"
CyberHive,Other,"nlp, c++, python, statistics, cv, scikit-learn"
BioInno,AI Researcher,"bioinformatics, nlp, cv, python"
CodeRoot,Data Analyst,"c++, deep learning, sql, data mining, machine learning"
DeepTech,Data Analyst,"bioinformatics, machine learning, tensorflow, nlp"
EcoLogic,Other,"pytorch, python, bioinformatics"
DeepTech,Software Engineer,"tensorflow, scikit-learn, machine learning, pytorch"
CodeRoot,AI Researcher,"cv, nlp, scikit-learn, python"
CodeRoot,Systems Engineer,"machine learning, deep learning, pytorch, data mining, sql, cv"
NeuroNet,Systems Engineer,"nlp, python, sql, machine learning, data mining"
DeepTech,R&D Scientist,"sql, tensorflow, java, c++, nlp, bioinformatics"
CyberHive,Postdoctoral Fellow,"cv, sql, tensorflow, python, bioinformatics"
DeepTech,Software Engineer,"bioinformatics, python, cv, pytorch, sql, nlp"
DeepTech,R&D Scientist,"deep learning, python, pytorch, java"
VisionaryAI,Postdoctoral Fellow,"deep learning, statistics, tensorflow, python"
BioInno,Systems Engineer,"sql, deep learning, cv, python"
CodeRoot,Other,"pytorch, deep learning, bioinformatics, cv"
VisionaryAI,Other,"pytorch, c++, data mining, java, cv, statistics"
EcoLogic,Postdoctoral Fellow,"bioinformatics, python, cv, data mining, scikit-learn, nlp"
CodeRoot,Software Engineer,"machine learning, java, tensorflow"
QuantAI,Data Analyst,"python, pytorch, sql, nlp, deep learning"
CodeRoot,Software Engineer,"data mining, nlp, scikit-learn, pytorch"
EcoLogic,Other,"java, nlp, tensorflow, data mining"
NeuroNet,Data Analyst,"tensorflow, scikit-learn, data mining, cv, python"
BioInno,Data Analyst,"cv, machine learning, nlp, data mining, pytorch"
QuantAI,Data Analyst,"bioinformatics, data mining, machine learning"
EcoLogic,Software Engineer,"tensorflow, scikit-learn, deep learning"
QuantAI,Other,"scikit-learn, bioinformatics, tensorflow, deep learning"
VisionaryAI,Postdoctoral Fellow,"java, bioinformatics, data mining"
DeepTech,Data Analyst,"cv, sql, pytorch"
NeuroNet,Systems Engineer,"bioinformatics, deep learning, c++, scikit-learn, pytorch"
CodeRoot,Software Engineer,"bioinformatics, nlp, statistics, cv, data mining, scikit-learn"
QuantAI,Data Analyst,"statistics, java, pytorch, machine learning, c++"
SmartBio,Systems Engineer,"bioinformatics, nlp, cv, pytorch, tensorflow"
BioInno,Postdoctoral Fellow,"java, bioinformatics, machine learning"
CyberHive,AI Researcher,"python, scikit-learn, data mining, cv"
DeepTech,Postdoctoral Fellow,"python, c++, cv, bioinformatics"
QuantumLeap,Postdoctoral Fellow,"python, cv, sql, nlp, java"
VisionaryAI,Other,"cv, bioinformatics, java, tensorflow, c++"
VisionaryAI,R&D Scientist,"sql, cv, tensorflow, deep learning"
DeepTech,Data Analyst,"sql, pytorch, machine learning, c++"
CyberHive,Postdoctoral Fellow,"scikit-learn, cv, c++, statistics, java"
NeuroNet,Systems Engineer,"nlp, sql, deep learning"
SmartBio,Data Analyst,"bioinformatics, java, nlp"
NeuroNet,Data Analyst,"sql, java, deep learning"
CodeRoot,Postdoctoral Fellow,"scikit-learn, nlp, statistics, bioinformatics, tensorflow"
CyberHive,Systems Engineer,"machine learning, pytorch, bioinformatics, data mining, sql, deep learning"
EcoLogic,Software Engineer,"nlp, pytorch, cv, tensorflow"
QuantAI,Software Engineer,"cv, machine learning, sql, c++, bioinformatics"
QuantumLeap,Systems Engineer,"python, machine learning, scikit-learn"
SmartBio,R&D Scientist,"cv, bioinformatics, machine learning, scikit-learn"
EcoLogic,Postdoctoral Fellow,"machine learning, statistics, tensorflow, java"
NeuroNet,AI Researcher,"cv, sql, deep learning, c++, statistics, python"
DeepTech,Data Analyst,"tensorflow, python, c++"
CodeRoot,Data Analyst,"pytorch, python, tensorflow"
SmartBio,Other,"nlp, data mining, tensorflow, c++, pytorch, scikit-learn"
BioInno,R&D Scientist,"python, deep learning, c++"
DeepTech,AI Researcher,"python, statistics, c++, data mining, sql, scikit-learn"
VisionaryAI,Data Analyst,"sql, cv, scikit-learn, nlp"
QuantAI,R&D Scientist,"nlp, pytorch, bioinformatics, statistics, python"
VisionaryAI,AI Researcher,"statistics, python, nlp, data mining"
QuantumLeap,AI Researcher,"bioinformatics, java, scikit-learn, data mining, sql"
BioInno,R&D Scientist,"statistics, bioinformatics, deep learning"
DeepTech,Data Analyst,"nlp, cv, data mining, scikit-learn"
BioInno,Postdoctoral Fellow,"deep learning, machine learning, data mining, scikit-learn"
VisionaryAI,Software Engineer,"pytorch, deep learning, nlp"
QuantumLeap,Data Analyst,"bioinformatics, sql, machine learning, java, pytorch, nlp"
QuantAI,Postdoctoral Fellow,"c++, python, bioinformatics, machine learning, sql, deep learning"
QuantAI,Other,"c++, java, python, pytorch"
NeuroNet,Software Engineer,"bioinformatics, deep learning, c++, pytorch, java"
VisionaryAI,Software Engineer,"bioinformatics, nlp, data mining, sql"
EcoLogic,Other,"deep learning, tensorflow, c++, java, machine learning"
SmartBio,Software Engineer,"c++, cv, data mining"
VisionaryAI,Data Analyst,"statistics, bioinformatics, c++, nlp, scikit-learn"
QuantAI,Other,"statistics, nlp, cv"
DeepTech,Other,"nlp, pytorch, c++, python, statistics, cv"
BioInno,Data Analyst,"statistics, deep learning, c++, machine learning, pytorch, java"
SmartBio,Software Engineer,"pytorch, c++, java, sql"
QuantumLeap,Postdoctoral Fellow,"bioinformatics, data mining, java"
NeuroNet,Postdoctoral Fellow,"statistics, c++, sql, machine learning, python, java"
QuantumLeap,AI Researcher,"java, cv, data mining, sql, pytorch, bioinformatics"
BioInno,Postdoctoral Fellow,"c++, nlp, deep learning, sql, machine learning"
VisionaryAI,Postdoctoral Fellow,"sql, c++, deep learning"
CyberHive,Other,"nlp, cv, java, c++, data mining, statistics"
SmartBio,Other,"machine learning, python, java, nlp, bioinformatics, c++"
NeuroNet,Data Analyst,"statistics, sql, scikit-learn, data mining, java, c++"
EcoLogic,R&D Scientist,"java, sql, pytorch, data mining"
CyberHive,Software Engineer,"statistics, scikit-learn, machine learning, data mining"
CodeRoot,R&D Scientist,"java, sql, pytorch, data mining"
EcoLogic,Data Analyst,"cv, nlp, tensorflow, bioinformatics, machine learning, sql"
QuantAI,Data Analyst,"tensorflow, python, sql, data mining, deep learning, c++"
NeuroNet,Systems Engineer,"scikit-learn, c++, pytorch, sql, nlp"
QuantAI,Other,"data mining, cv, bioinformatics, statistics"
BioInno,AI Researcher,"bioinformatics, python, deep learning, java, data mining"
CyberHive,R&D Scientist,"cv, bioinformatics, java"
QuantAI,AI Researcher,"deep learning, pytorch, sql, statistics, machine learning"
CyberHive,Systems Engineer,"machine learning, cv, deep learning, java, sql"
QuantAI,R&D Scientist,"python, bioinformatics, sql, pytorch, scikit-learn, java"
QuantAI,R&D Scientist,"java, tensorflow, pytorch, machine learning, statistics"
QuantumLeap,Postdoctoral Fellow,"c++, python, bioinformatics, nlp, statistics, machine learning"
CyberHive,Postdoctoral Fellow,"python, data mining, nlp, c++, java, cv"
CodeRoot,Postdoctoral Fellow,"nlp, python, java"
QuantAI,Software Engineer,"data mining, bioinformatics, machine learning, pytorch, python"
DeepTech,AI Researcher,"python, data mining, cv, deep learning, java, tensorflow"
VisionaryAI,AI Researcher,"c++, machine learning, scikit-learn, java, statistics"
SmartBio,Software Engineer,"tensorflow, pytorch, data mining, bioinformatics, statistics"
SmartBio,Postdoctoral Fellow,"deep learning, nlp, cv"
QuantAI,R&D Scientist,"python, c++, sql"
NeuroNet,AI Researcher,"bioinformatics, machine learning, deep learning, pytorch"
CyberHive,R&D Scientist,"data mining, deep learning, c++, statistics"
QuantAI,Postdoctoral Fellow,"bioinformatics, machine learning, deep learning"
VisionaryAI,AI Researcher,"statistics, machine learning, java, sql, deep learning, python"
QuantAI,Postdoctoral Fellow,"pytorch, nlp, python, machine learning"
BioInno,Other,"sql, tensorflow, python"
BioInno,Postdoctoral Fellow,"scikit-learn, cv, tensorflow, c++, machine learning"
BioInno,Software Engineer,"statistics, bioinformatics, c++, deep learning, tensorflow, sql"
QuantAI,Other,"machine learning, data mining, bioinformatics, cv"
QuantAI,R&D Scientist,"bioinformatics, nlp, tensorflow, deep learning"
BioInno,R&D Scientist,"data mining, deep learning, nlp, machine learning, c++, cv"
QuantumLeap,Postdoctoral Fellow,"statistics, deep learning, cv, python, sql"
NeuroNet,Postdoctoral Fellow,"cv, data mining, bioinformatics, pytorch, java"
CyberHive,Postdoctoral Fellow,"machine learning, cv, data mining, python"
VisionaryAI,Data Analyst,"c++, java, data mining, pytorch, scikit-learn, cv"
BioInno,Data Analyst,"sql, data mining, c++, pytorch, python"
QuantumLeap,AI Researcher,"data mining, deep learning, statistics, scikit-learn, sql"
QuantumLeap,AI Researcher,"pytorch, sql, scikit-learn"
QuantAI,AI Researcher,"data mining, c++, java"
DeepTech,Software Engineer,"python, deep learning, c++"
SmartBio,Postdoctoral Fellow,"sql, tensorflow, data mining, python, cv, pytorch"
BioInno,Systems Engineer,"java, cv, pytorch, bioinformatics, data mining"
EcoLogic,AI Researcher,"statistics, scikit-learn, bioinformatics, java, deep learning"
NeuroNet,Software Engineer,"deep learning, machine learning, tensorflow, pytorch"
NeuroNet,AI Researcher,"java, c++, scikit-learn, bioinformatics, data mining"
SmartBio,AI Researcher,"data mining, deep learning, cv, machine learning, pytorch"
BioInno,Systems Engineer,"java, sql, pytorch, nlp, statistics"
QuantumLeap,Data Analyst,"pytorch, data mining, statistics, machine learning, deep learning, java"
DeepTech,AI Researcher,"deep learning, bioinformatics, statistics, sql, java, pytorch"
NeuroNet,AI Researcher,"data mining, pytorch, cv, c++"
VisionaryAI,Postdoctoral Fellow,"cv, sql, python"
CyberHive,Data Analyst,"data mining, tensorflow, python"
CyberHive,Data Analyst,"nlp, scikit-learn, tensorflow, java, python, deep learning"
NeuroNet,Data Analyst,"java, tensorflow, cv"
SmartBio,Other,"statistics, pytorch, sql, nlp, scikit-learn"
QuantumLeap,Other,"tensorflow, java, deep learning, scikit-learn"
BioInno,Software Engineer,"machine learning, deep learning, scikit-learn, java"
BioInno,Systems Engineer,"sql, cv, nlp, java, data mining, machine learning"
SmartBio,Other,"tensorflow, sql, python, machine learning, nlp"
EcoLogic,Data Analyst,"statistics, scikit-learn, nlp, pytorch, data mining"
QuantumLeap,Systems Engineer,"machine learning, scikit-learn, tensorflow, c++, sql, pytorch"
VisionaryAI,Software Engineer,"machine learning, sql, bioinformatics, tensorflow, scikit-learn, java"
VisionaryAI,Postdoctoral Fellow,"pytorch, sql, deep learning"
QuantumLeap,Data Analyst,"machine learning, scikit-learn, cv, bioinformatics"
EcoLogic,Software Engineer,"deep learning, java, bioinformatics, python, pytorch, machine learning"
CyberHive,Postdoctoral Fellow,"cv, scikit-learn, nlp"
CodeRoot,AI Researcher,"cv, pytorch, java, nlp, scikit-learn"
SmartBio,R&D Scientist,"bioinformatics, tensorflow, c++"
SmartBio,Systems Engineer,"bioinformatics, cv, python"
CodeRoot,R&D Scientist,"bioinformatics, sql, pytorch"
EcoLogic,Other,"tensorflow, sql, cv"
EcoLogic,AI Researcher,"c++, statistics, nlp, tensorflow, data mining, bioinformatics"
QuantumLeap,Other,"tensorflow, java, c++, cv"
CyberHive,Other,"pytorch, tensorflow, c++"
NeuroNet,Other,"java, deep learning, sql, nlp, scikit-learn, bioinformatics"
DeepTech,Software Engineer,"c++, deep learning, scikit-learn, statistics, pytorch"
QuantumLeap,AI Researcher,"cv, nlp, bioinformatics, data mining, c++, tensorflow"
EcoLogic,Postdoctoral Fellow,"tensorflow, pytorch, python"
QuantAI,R&D Scientist,"pytorch, scikit-learn, cv"
SmartBio,Postdoctoral Fellow,"java, sql, data mining, statistics, tensorflow"
QuantumLeap,R&D Scientist,"tensorflow, python, pytorch, bioinformatics"
VisionaryAI,R&D Scientist,"bioinformatics, scikit-learn, statistics, python, java"
DeepTech,AI Researcher,"statistics, machine learning, data mining, deep learning"
CodeRoot,R&D Scientist,"data mining, statistics, machine learning, bioinformatics, java, nlp"
NeuroNet,Postdoctoral Fellow,"nlp, sql, tensorflow"
EcoLogic,Software Engineer,"python, scikit-learn, machine learning, c++, cv, pytorch"
EcoLogic,Postdoctoral Fellow,"statistics, bioinformatics, java"
DeepTech,Systems Engineer,"sql, nlp, data mining, scikit-learn"
CodeRoot,AI Researcher,"statistics, machine learning, nlp, cv"
VisionaryAI,Software Engineer,"statistics, scikit-learn, machine learning, c++, bioinformatics"
QuantAI,R&D Scientist,"cv, sql, pytorch"
CodeRoot,Postdoctoral Fellow,"python, nlp, data mining, deep learning, sql"
BioInno,R&D Scientist,"data mining, java, python"
DeepTech,Other,"sql, java, nlp, pytorch, cv, machine learning"
BioInno,Systems Engineer,"deep learning, scikit-learn, cv, sql"
EcoLogic,Software Engineer,"machine learning, sql, data mining, pytorch, cv"
CodeRoot,Other,"c++, tensorflow, statistics, bioinformatics, scikit-learn, pytorch"
NeuroNet,Software Engineer,"sql, statistics, deep learning, cv, bioinformatics, machine learning"
NeuroNet,R&D Scientist,"statistics, data mining, python, cv, machine learning, nlp"
QuantAI,R&D Scientist,"c++, statistics, pytorch"
VisionaryAI,Other,"python, sql, nlp, scikit-learn"
BioInno,Software Engineer,"bioinformatics, nlp, sql"
VisionaryAI,AI Researcher,"java, scikit-learn, sql, statistics, nlp"
QuantAI,Systems Engineer,"pytorch, scikit-learn, sql, c++, data mining, cv"
BioInno,Data Analyst,"nlp, deep learning, pytorch, c++, cv, data mining"
QuantumLeap,R&D Scientist,"tensorflow, java, deep learning, pytorch"
SmartBio,Software Engineer,"scikit-learn, data mining, nlp, c++"
CodeRoot,Other,"statistics, pytorch, deep learning, nlp"
CodeRoot,AI Researcher,"python, tensorflow, deep learning"
VisionaryAI,Systems Engineer,"java, scikit-learn, machine learning, data mining"
EcoLogic,Postdoctoral Fellow,"deep learning, data mining, python, cv"
DeepTech,Other,"statistics, python, bioinformatics, data mining"
DeepTech,Software Engineer,"machine learning, tensorflow, pytorch"
QuantAI,Systems Engineer,"scikit-learn, bioinformatics, data mining, tensorflow, pytorch"
VisionaryAI,Postdoctoral Fellow,"python, machine learning, bioinformatics"
CodeRoot,Data Analyst,"c++, sql, pytorch"
CyberHive,Systems Engineer,"python, nlp, bioinformatics, deep learning, pytorch, data mining"
NeuroNet,Data Analyst,"pytorch, tensorflow, bioinformatics, scikit-learn, sql"
QuantumLeap,Software Engineer,"tensorflow, pytorch, c++, java"
QuantumLeap,AI Researcher,"java, nlp, machine learning, bioinformatics, tensorflow"
BioInno,Other,"python, deep learning, nlp"
QuantAI,Other,"cv, tensorflow, data mining, scikit-learn, java"
NeuroNet,Software Engineer,"sql, scikit-learn, pytorch, python, c++, nlp"
SmartBio,Postdoctoral Fellow,"java, machine learning, cv, nlp, scikit-learn, statistics"
CodeRoot,Postdoctoral Fellow,"scikit-learn, nlp, deep learning, statistics, sql"
CyberHive,Other,"java, python, statistics, pytorch, tensorflow, data mining"
SmartBio,Other,"data mining, java, nlp"
VisionaryAI,R&D Scientist,"tensorflow, data mining, machine learning, python"
VisionaryAI,AI Researcher,"statistics, machine learning, data mining, python"
QuantumLeap,AI Researcher,"cv, machine learning, deep learning, java"
CodeRoot,Other,"cv, deep learning, data mining, c++, bioinformatics, scikit-learn"
NeuroNet,R&D Scientist,"c++, sql, scikit-learn, statistics, java"
DeepTech,AI Researcher,"python, sql, c++, nlp, scikit-learn"
BioInno,AI Researcher,"nlp, python, cv, tensorflow, bioinformatics"
BioInno,Other,"nlp, machine learning, scikit-learn, c++, python"
QuantAI,R&D Scientist,"c++, python, machine learning, pytorch, bioinformatics"
DeepTech,Systems Engineer,"java, nlp, machine learning"
VisionaryAI,Software Engineer,"java, cv, statistics"
EcoLogic,Postdoctoral Fellow,"python, scikit-learn, pytorch, c++, cv"
QuantAI,R&D Scientist,"deep learning, java, scikit-learn, c++"
VisionaryAI,Other,"java, c++, pytorch, tensorflow, statistics, python"
EcoLogic,Postdoctoral Fellow,"nlp, machine learning, statistics, cv"
SmartBio,Data Analyst,"c++, pytorch, python, tensorflow"
DeepTech,Other,"python, machine learning, c++"
CodeRoot,AI Researcher,"deep learning, pytorch, bioinformatics, nlp, statistics, scikit-learn"
SmartBio,Other,"statistics, tensorflow, bioinformatics, pytorch, sql"
QuantAI,Systems Engineer,"python, scikit-learn, java, pytorch, bioinformatics, sql"
QuantAI,Data Analyst,"deep learning, machine learning, sql, tensorflow, java"
CodeRoot,Other,"sql, statistics, bioinformatics, java, c++, python"
SmartBio,R&D Scientist,"machine learning, python, pytorch"
EcoLogic,R&D Scientist,"statistics, pytorch, c++"
QuantumLeap,Postdoctoral Fellow,"tensorflow, deep learning, bioinformatics, statistics, java, machine learning"
VisionaryAI,R&D Scientist,"scikit-learn, nlp, c++, tensorflow"
BioInno,Systems Engineer,"java, nlp, python, deep learning, statistics"
EcoLogic,Postdoctoral Fellow,"nlp, bioinformatics, cv, tensorflow, machine learning, java"
QuantAI,Data Analyst,"nlp, machine learning, data mining"
QuantAI,Software Engineer,"c++, nlp, deep learning, bioinformatics, tensorflow, pytorch"
VisionaryAI,R&D Scientist,"bioinformatics, tensorflow, scikit-learn, deep learning, data mining"
VisionaryAI,Postdoctoral Fellow,"pytorch, c++, scikit-learn, machine learning, python"
DeepTech,Other,"nlp, tensorflow, java"
SmartBio,Software Engineer,"nlp, scikit-learn, tensorflow, c++, pytorch, sql"
CodeRoot,Postdoctoral Fellow,"machine learning, bioinformatics, python, pytorch, cv, deep learning"
QuantAI,R&D Scientist,"machine learning, scikit-learn, sql, java, data mining, tensorflow"
BioInno,Other,"bioinformatics, pytorch, sql, nlp"
QuantAI,Other,"tensorflow, pytorch, data mining, statistics"
QuantumLeap,Software Engineer,"data mining, cv, statistics"
CyberHive,Postdoctoral Fellow,"tensorflow, machine learning, deep learning, java"
QuantumLeap,Software Engineer,"machine learning, scikit-learn, deep learning, java, pytorch"
CyberHive,R&D Scientist,"java, scikit-learn, nlp, pytorch, sql"
QuantumLeap,Data Analyst,"deep learning, data mining, cv, python, scikit-learn, c++"
SmartBio,Postdoctoral Fellow,"java, tensorflow, scikit-learn, bioinformatics"
NeuroNet,R&D Scientist,"c++, machine learning, data mining"
CyberHive,Data Analyst,"c++, python, tensorflow, sql"
QuantumLeap,Software Engineer,"c++, sql, deep learning"
CyberHive,Postdoctoral Fellow,"cv, c++, deep learning, sql"
EcoLogic,AI Researcher,"bioinformatics, tensorflow, c++, nlp, data mining"
SmartBio,Data Analyst,"python, tensorflow, data mining, pytorch, sql, machine learning"
QuantAI,R&D Scientist,"statistics, bioinformatics, pytorch"
NeuroNet,Postdoctoral Fellow,"c++, python, cv, tensorflow, pytorch, java"
VisionaryAI,AI Researcher,"sql, statistics, c++, java"
CyberHive,Data Analyst,"data mining, scikit-learn, nlp"
NeuroNet,Software Engineer,"pytorch, python, statistics, cv, nlp, bioinformatics"
SmartBio,Postdoctoral Fellow,"deep learning, c++, cv, nlp, pytorch"
CodeRoot,Software Engineer,"cv, python, tensorflow, bioinformatics"
BioInno,Postdoctoral Fellow,"pytorch, nlp, bioinformatics"
QuantAI,AI Researcher,"c++, machine learning, deep learning, java"
NeuroNet,R&D Scientist,"deep learning, cv, java, sql, c++"
QuantAI,R&D Scientist,"data mining, sql, scikit-learn, cv"
BioInno,Systems Engineer,"statistics, cv, nlp, scikit-learn"
SmartBio,Data Analyst,"deep learning, pytorch, python, bioinformatics"
QuantumLeap,Other,"sql, nlp, machine learning, c++"
BioInno,R&D Scientist,"cv, sql, nlp, pytorch, tensorflow, python"
EcoLogic,Software Engineer,"data mining, statistics, cv"
CodeRoot,R&D Scientist,"cv, scikit-learn, python"
SmartBio,R&D Scientist,"bioinformatics, scikit-learn, pytorch, java, machine learning"
VisionaryAI,Data Analyst,"tensorflow, java, scikit-learn, pytorch, nlp"
BioInno,AI Researcher,"machine learning, scikit-learn, c++"
NeuroNet,Other,"c++, python, pytorch, tensorflow, machine learning"
VisionaryAI,AI Researcher,"deep learning, python, java, scikit-learn, sql"
EcoLogic,Software Engineer,"data mining, java, machine learning, sql, python"
DeepTech,Data Analyst,"data mining, nlp, tensorflow, c++, statistics, machine learning"
EcoLogic,Systems Engineer,"data mining, cv, machine learning, python"
NeuroNet,R&D Scientist,"statistics, data mining, cv"
NeuroNet,Systems Engineer,"tensorflow, data mining, python"
SmartBio,Systems Engineer,"tensorflow, data mining, cv, python, deep learning, bioinformatics"
VisionaryAI,Systems Engineer,"sql, python, cv"
VisionaryAI,R&D Scientist,"scikit-learn, bioinformatics, nlp, tensorflow, sql, pytorch"
CyberHive,Data Analyst,"java, pytorch, data mining"
NeuroNet,Systems Engineer,"bioinformatics, tensorflow, sql, deep learning"
EcoLogic,Systems Engineer,"java, tensorflow, nlp, data mining, sql"
EcoLogic,Data Analyst,"cv, java, c++, python, nlp, statistics"
QuantumLeap,Postdoctoral Fellow,"nlp, data mining, tensorflow, pytorch, scikit-learn"
QuantAI,Postdoctoral Fellow,"bioinformatics, data mining, statistics, java"
DeepTech,Postdoctoral Fellow,"deep learning, python, tensorflow, pytorch"
SmartBio,Data Analyst,"data mining, java, tensorflow, c++, bioinformatics"
SmartBio,Systems Engineer,"c++, data mining, nlp, python, java, sql"
QuantAI,R&D Scientist,"scikit-learn, java, python, sql, deep learning, bioinformatics"
QuantAI,Data Analyst,"c++, data mining, nlp, statistics"
CodeRoot,Systems Engineer,"data mining, pytorch, deep learning, java, bioinformatics"
DeepTech,Data Analyst,"tensorflow, nlp, python, scikit-learn, java, data mining"
NeuroNet,Systems Engineer,"cv, scikit-learn, java, deep learning"
QuantumLeap,Systems Engineer,"machine learning, cv, python"
VisionaryAI,Systems Engineer,"python, java, sql"
QuantumLeap,Other,"cv, deep learning, machine learning, bioinformatics"
NeuroNet,Systems Engineer,"bioinformatics, scikit-learn, java"
DeepTech,Data Analyst,"c++, bioinformatics, machine learning"
EcoLogic,Systems Engineer,"nlp, scikit-learn, sql"
CodeRoot,Data Analyst,"scikit-learn, bioinformatics, statistics"
SmartBio,Other,"sql, data mining, pytorch"
NeuroNet,Systems Engineer,"python, data mining, statistics, c++, scikit-learn"
QuantAI,Postdoctoral Fellow,"bioinformatics, deep learning, sql, statistics"
VisionaryAI,R&D Scientist,"nlp, pytorch, deep learning"
CodeRoot,Other,"scikit-learn, sql, machine learning, c++, statistics, bioinformatics"
EcoLogic,Systems Engineer,"java, python, machine learning, scikit-learn, bioinformatics"
QuantumLeap,Other,"cv, pytorch, machine learning, deep learning"
BioInno,Systems Engineer,"tensorflow, data mining, statistics, scikit-learn"
CodeRoot,Systems Engineer,"tensorflow, nlp, java"
CodeRoot,Postdoctoral Fellow,"machine learning, nlp, deep learning"
VisionaryAI,Software Engineer,"statistics, java, machine learning, bioinformatics"
BioInno,Postdoctoral Fellow,"pytorch, statistics, java, bioinformatics, cv"
NeuroNet,Systems Engineer,"nlp, data mining, java, python"
CodeRoot,Data Analyst,"c++, data mining, java, bioinformatics"
EcoLogic,Software Engineer,"deep learning, python, sql"
CyberHive,Systems Engineer,"nlp, cv, data mining, bioinformatics, c++, pytorch"
BioInno,Systems Engineer,"c++, python, nlp, java, machine learning, scikit-learn"
SmartBio,R&D Scientist,"machine learning, nlp, cv, deep learning"
NeuroNet,Postdoctoral Fellow,"c++, bioinformatics, java"
DeepTech,AI Researcher,"tensorflow, bioinformatics, python, nlp, statistics"
CyberHive,Systems Engineer,"cv, deep learning, scikit-learn, machine learning, statistics"
BioInno,Software Engineer,"scikit-learn, statistics, sql, deep learning, c++"
NeuroNet,R&D Scientist,"machine learning, deep learning, cv, c++, tensorflow, java"
NeuroNet,R&D Scientist,"bioinformatics, cv, machine learning"
SmartBio,Other,"c++, sql, statistics, tensorflow, nlp, python"
EcoLogic,Systems Engineer,"scikit-learn, c++, cv"
BioInno,Software Engineer,"nlp, machine learning, data mining, scikit-learn, bioinformatics"
DeepTech,AI Researcher,"tensorflow, bioinformatics, nlp, scikit-learn, data mining"
QuantumLeap,Systems Engineer,"machine learning, pytorch, sql, deep learning, scikit-learn"
QuantAI,Systems Engineer,"python, c++, statistics"
SmartBio,Systems Engineer,"java, bioinformatics, python, statistics"
NeuroNet,Data Analyst,"machine learning, cv, bioinformatics, scikit-learn, python"
CyberHive,Software Engineer,"cv, machine learning, nlp, sql, java, tensorflow"
EcoLogic,Postdoctoral Fellow,"sql, python, pytorch, data mining, nlp, machine learning"
EcoLogic,Systems Engineer,"deep learning, sql, cv, bioinformatics, data mining, machine learning"
EcoLogic,Software Engineer,"nlp, data mining, tensorflow, cv, java, python"
BioInno,Software Engineer,"scikit-learn, deep learning, tensorflow, statistics, pytorch"
BioInno,Data Analyst,"nlp, bioinformatics, tensorflow, cv, scikit-learn, c++"
CyberHive,AI Researcher,"tensorflow, sql, c++, scikit-learn"
VisionaryAI,Other,"tensorflow, cv, pytorch, data mining, sql"
EcoLogic,R&D Scientist,"machine learning, deep learning, statistics, scikit-learn"
SmartBio,Postdoctoral Fellow,"data mining, machine learning, scikit-learn, pytorch, sql, bioinformatics"
CodeRoot,Software Engineer,"pytorch, tensorflow, statistics"
NeuroNet,Data Analyst,"data mining, machine learning, bioinformatics, pytorch, python"
EcoLogic,AI Researcher,"java, tensorflow, deep learning, python, c++, machine learning"
QuantAI,Data Analyst,"data mining, machine learning, tensorflow, bioinformatics, statistics, cv"
QuantumLeap,Software Engineer,"tensorflow, python, cv, machine learning, pytorch"
CodeRoot,Postdoctoral Fellow,"tensorflow, machine learning, bioinformatics, cv"
NeuroNet,AI Researcher,"machine learning, pytorch, deep learning"
CodeRoot,R&D Scientist,"java, cv, deep learning, bioinformatics"
EcoLogic,Other,"java, sql, deep learning, python, nlp, statistics"
QuantumLeap,AI Researcher,"tensorflow, deep learning, python, bioinformatics"
CyberHive,Other,"nlp, deep learning, cv, tensorflow, scikit-learn, pytorch"
VisionaryAI,Postdoctoral Fellow,"sql, data mining, tensorflow, scikit-learn, statistics"
NeuroNet,Other,"machine learning, java, bioinformatics, nlp"
DeepTech,R&D Scientist,"machine learning, statistics, sql, deep learning, nlp"
EcoLogic,R&D Scientist,"deep learning, statistics, data mining"
BioInno,Data Analyst,"data mining, machine learning, python, java"
QuantAI,Software Engineer,"nlp, python, scikit-learn, java, sql, data mining"
QuantAI,Software Engineer,"deep learning, bioinformatics, pytorch, nlp, machine learning"
VisionaryAI,AI Researcher,"java, statistics, sql, bioinformatics, data mining, cv"
NeuroNet,R&D Scientist,"java, bioinformatics, nlp, machine learning"
SmartBio,Systems Engineer,"cv, data mining, machine learning"
CodeRoot,Data Analyst,"sql, pytorch, scikit-learn"
CyberHive,Postdoctoral Fellow,"nlp, machine learning, data mining, statistics"
BioInno,Data Analyst,"data mining, bioinformatics, scikit-learn, deep learning"
BioInno,Postdoctoral Fellow,"pytorch, deep learning, cv, tensorflow"
CyberHive,Data Analyst,"sql, nlp, tensorflow, java, machine learning"
CyberHive,Data Analyst,"data mining, java, machine learning, c++, python"
CodeRoot,AI Researcher,"machine learning, java, nlp, tensorflow, scikit-learn, python"
SmartBio,Systems Engineer,"data mining, pytorch, machine learning"
DeepTech,Postdoctoral Fellow,"scikit-learn, machine learning, python, deep learning"
QuantAI,Other,"machine learning, bioinformatics, pytorch"
DeepTech,Data Analyst,"sql, pytorch, python, statistics, java"
VisionaryAI,Other,"python, pytorch, nlp, bioinformatics, scikit-learn, data mining"
DeepTech,Data Analyst,"tensorflow, data mining, bioinformatics"
VisionaryAI,Systems Engineer,"machine learning, statistics, sql, pytorch"
QuantAI,Postdoctoral Fellow,"machine learning, python, java, data mining"
BioInno,Systems Engineer,"nlp, machine learning, bioinformatics, sql"
VisionaryAI,Data Analyst,"data mining, sql, nlp, machine learning, deep learning, statistics"
NeuroNet,AI Researcher,"c++, sql, python"
VisionaryAI,Data Analyst,"tensorflow, cv, bioinformatics"
VisionaryAI,Systems Engineer,"scikit-learn, java, tensorflow, pytorch, python, cv"
QuantumLeap,Data Analyst,"nlp, java, cv"
SmartBio,Data Analyst,"nlp, java, c++, data mining, cv"
EcoLogic,Software Engineer,"cv, machine learning, pytorch"
DeepTech,Postdoctoral Fellow,"sql, bioinformatics, python, statistics, java"
QuantumLeap,Systems Engineer,"statistics, sql, python, data mining"
SmartBio,Data Analyst,"nlp, python, statistics, java, tensorflow"
SmartBio,Data Analyst,"sql, cv, deep learning, statistics, data mining"
SmartBio,Software Engineer,"tensorflow, nlp, bioinformatics"
CodeRoot,AI Researcher,"java, bioinformatics, pytorch, scikit-learn"
VisionaryAI,Data Analyst,"data mining, tensorflow, cv, machine learning, sql, nlp"
EcoLogic,AI Researcher,"scikit-learn, sql, cv, tensorflow"
VisionaryAI,R&D Scientist,"scikit-learn, cv, bioinformatics, tensorflow, nlp"
EcoLogic,AI Researcher,"scikit-learn, python, sql, pytorch"
SmartBio,Software Engineer,"sql, nlp, statistics, bioinformatics"
EcoLogic,Postdoctoral Fellow,"c++, python, scikit-learn"
CyberHive,AI Researcher,"machine learning, scikit-learn, tensorflow, statistics"
DeepTech,Data Analyst,"pytorch, java, scikit-learn, c++, tensorflow, deep learning"
CodeRoot,Postdoctoral Fellow,"bioinformatics, machine learning, sql, java, scikit-learn, nlp"
QuantAI,Systems Engineer,"deep learning, c++, data mining, scikit-learn, statistics"
QuantAI,Postdoctoral Fellow,"bioinformatics, tensorflow, sql"
DeepTech,AI Researcher,"pytorch, deep learning, java, cv"
VisionaryAI,Other,"scikit-learn, python, machine learning, tensorflow, pytorch, deep learning"
EcoLogic,Other,"deep learning, scikit-learn, c++, cv, tensorflow"
VisionaryAI,Software Engineer,"tensorflow, data mining, pytorch"
VisionaryAI,Systems Engineer,"python, bioinformatics, nlp, sql, cv, data mining"
CyberHive,Postdoctoral Fellow,"statistics, c++, nlp, bioinformatics"
VisionaryAI,Systems Engineer,"nlp, c++, scikit-learn, data mining, tensorflow"
SmartBio,Software Engineer,"c++, sql, java, tensorflow, data mining, cv"
CyberHive,Software Engineer,"sql, deep learning, c++, python, scikit-learn"
BioInno,Other,"tensorflow, machine learning, java"
QuantumLeap,Postdoctoral Fellow,"pytorch, python, c++, statistics"
BioInno,R&D Scientist,"data mining, bioinformatics, java"
QuantAI,Data Analyst,"machine learning, pytorch, java, sql, python"
NeuroNet,AI Researcher,"python, scikit-learn, bioinformatics, cv, data mining, machine learning"
QuantumLeap,Postdoctoral Fellow,"sql, cv, nlp, pytorch, machine learning"
VisionaryAI,R&D Scientist,"cv, java, scikit-learn, statistics"
SmartBio,Software Engineer,"deep learning, sql, bioinformatics"
DeepTech,Data Analyst,"bioinformatics, pytorch, scikit-learn, data mining, nlp"
VisionaryAI,Data Analyst,"c++, nlp, bioinformatics, statistics, python"
DeepTech,Software Engineer,"python, bioinformatics, scikit-learn, nlp, data mining, c++"
DeepTech,Postdoctoral Fellow,"tensorflow, statistics, python"
SmartBio,Data Analyst,"java, tensorflow, cv"
DeepTech,Systems Engineer,"tensorflow, statistics, bioinformatics"
CyberHive,Other,"java, scikit-learn, data mining"
SmartBio,AI Researcher,"java, data mining, pytorch, machine learning, c++, python"
DeepTech,AI Researcher,"deep learning, sql, python, bioinformatics"
CyberHive,Software Engineer,"pytorch, nlp, c++, data mining"
DeepTech,Data Analyst,"cv, bioinformatics, python, deep learning, sql"
CyberHive,AI Researcher,"scikit-learn, java, deep learning"
SmartBio,Other,"scikit-learn, pytorch, bioinformatics, cv, python, sql"
DeepTech,Other,"deep learning, statistics, machine learning, sql, tensorflow, bioinformatics"
QuantumLeap,AI Researcher,"cv, deep learning, bioinformatics, data mining"
DeepTech,Other,"bioinformatics, java, pytorch"
BioInno,Data Analyst,"cv, scikit-learn, bioinformatics"
SmartBio,Systems Engineer,"java, pytorch, c++, tensorflow"
DeepTech,R&D Scientist,"nlp, deep learning, c++"
QuantAI,AI Researcher,"cv, python, statistics"
SmartBio,Postdoctoral Fellow,"statistics, sql, python"
BioInno,Other,"java, c++, pytorch, scikit-learn, cv, python"
NeuroNet,Systems Engineer,"tensorflow, statistics, java, scikit-learn, sql, cv"
QuantumLeap,Software Engineer,"c++, pytorch, tensorflow, java, sql, cv"
VisionaryAI,Postdoctoral Fellow,"statistics, data mining, pytorch, sql"
SmartBio,Systems Engineer,"bioinformatics, scikit-learn, sql, nlp"
CyberHive,Postdoctoral Fellow,"python, deep learning, machine learning, cv, tensorflow"
SmartBio,Software Engineer,"data mining, c++, sql, deep learning"
BioInno,Systems Engineer,"deep learning, python, pytorch, scikit-learn, statistics"
EcoLogic,R&D Scientist,"cv, machine learning, bioinformatics"
BioInno,Data Analyst,"deep learning, sql, tensorflow, pytorch, nlp, cv"
CyberHive,AI Researcher,"c++, tensorflow, sql, scikit-learn, python"
NeuroNet,Systems Engineer,"machine learning, sql, data mining, tensorflow, cv"
CyberHive,Postdoctoral Fellow,"sql, tensorflow, c++"
CyberHive,AI Researcher,"pytorch, machine learning, sql"
QuantAI,AI Researcher,"statistics, nlp, pytorch, cv, machine learning"
NeuroNet,Other,"nlp, tensorflow, deep learning, c++, data mining, bioinformatics"
EcoLogic,Postdoctoral Fellow,"data mining, java, cv, bioinformatics, statistics, nlp"
EcoLogic,Other,"cv, tensorflow, c++"
CodeRoot,Systems Engineer,"sql, machine learning, bioinformatics, pytorch"
SmartBio,R&D Scientist,"data mining, machine learning, scikit-learn, tensorflow"
