Name,Skills,Research,Preferred Role
Graduate_1,"sql, bioinformatics, deep learning",Physics,Software Developer
Graduate_2,"c++, deep learning, pytorch, tensorflow, machine learning, java",Physics,Machine Learning Engineer
Graduate_3,"machine learning, java, nlp, cv, scikit-learn, pytorch",Machine Learning,Postdoc
Graduate_4,"scikit-learn, tensorflow, nlp",AI & NLP,Other
Graduate_5,"statistics, tensorflow, sql, data mining",Other,Data Scientist
Graduate_6,"cv, deep learning, sql",Machine Learning,AI Researcher
Graduate_7,"tensorflow, pytorch, bioinformatics, deep learning, python, c++",Cybersecurity,Other
Graduate_8,"sql, pytorch, tensorflow",Physics,Machine Learning Engineer
Graduate_9,"python, sql, c++, nlp",Physics,Research Scientist
Graduate_10,"machine learning, c++, data mining, java",Chemistry,Other
Graduate_11,"deep learning, tensorflow, pytorch",Biology,Postdoc
Graduate_12,"tensorflow, c++, sql, nlp, bioinformatics, deep learning",Other,Software Developer
Graduate_13,"tensorflow, statistics, bioinformatics, nlp, cv",Mathematics,Research Scientist
Graduate_14,"pytorch, sql, deep learning, python, cv",Environmental Science,Research Scientist
Graduate_15,"machine learning, data mining, tensorflow, scikit-learn, cv, python",AI & NLP,Software Developer
Graduate_16,"machine learning, statistics, pytorch, c++, python",Cybersecurity,Research Scientist
Graduate_17,"scikit-learn, java, bioinformatics, sql, cv, deep learning",Chemistry,Other
Graduate_18,"python, sql, c++, tensorflow",AI & NLP,Software Developer
Graduate_19,"c++, python, pytorch, bioinformatics, java",Mathematics,Research Scientist
Graduate_20,"pytorch, deep learning, java, data mining, scikit-learn, bioinformatics",AI & NLP,Data Scientist
Graduate_21,"nlp, deep learning, c++, bioinformatics, tensorflow",Biology,Machine Learning Engineer
Graduate_22,"data mining, tensorflow, bioinformatics, machine learning, pytorch, sql",AI & NLP,Postdoc
Graduate_23,"java, tensorflow, pytorch, nlp",Biology,Software Developer
Graduate_24,"sql, java, data mining, tensorflow",Other,Machine Learning Engineer
Graduate_25,"tensorflow, nlp, statistics, bioinformatics, python, machine learning",Physics,Other
Graduate_26,"c++, bioinformatics, statistics, java, deep learning, python",Environmental Science,Software Developer
Graduate_27,"tensorflow, machine learning, scikit-learn, java, bioinformatics, sql",Environmental Science,Other
Graduate_28,"pytorch, statistics, sql, python, tensorflow",Mathematics,Data Scientist
Graduate_29,"statistics, machine learning, cv, pytorch",Robotics,Software Developer
Graduate_30,"data mining, nlp, cv, python",Other,AI Researcher
Graduate_31,"tensorflow, java, bioinformatics, nlp, python",Cybersecurity,Research Scientist
Graduate_32,"python, pytorch, data mining, c++",Cybersecurity,AI Researcher
Graduate_33,"java, nlp, deep learning, tensorflow",AI & NLP,Research Scientist
Graduate_34,"python, sql, statistics, bioinformatics, deep learning",Environmental Science,Data Scientist
Graduate_35,"c++, scikit-learn, python",Mathematics,AI Researcher
Graduate_36,"statistics, machine learning, bioinformatics",Environmental Science,Software Developer
Graduate_37,"machine learning, python, tensorflow, bioinformatics",AI & NLP,Postdoc
Graduate_38,"tensorflow, bioinformatics, nlp",Chemistry,Machine Learning Engineer
Graduate_39,"statistics, deep learning, nlp, scikit-learn",Other,Research Scientist
Graduate_40,"cv, tensorflow, scikit-learn, deep learning",AI & NLP,AI Researcher
Graduate_41,"nlp, deep learning, python, sql, statistics",AI & NLP,Data Scientist
Graduate_42,"python, statistics, c++, tensorflow, sql",Environmental Science,Machine Learning Engineer
Graduate_43,"c++, tensorflow, machine learning, pytorch, statistics",Other,Software Developer
Graduate_44,"java, tensorflow, python",Machine Learning,Research Scientist
Graduate_45,"tensorflow, java, bioinformatics, data mining, nlp",Cybersecurity,Other
Graduate_46,"tensorflow, deep learning, bioinformatics",Cybersecurity,Machine Learning Engineer
Graduate_47,"statistics, java, scikit-learn, deep learning, nlp",Machine Learning,Machine Learning Engineer
Graduate_48,"pytorch, sql, bioinformatics",Biology,Research Scientist
Graduate_49,"scikit-learn, machine learning, deep learning, tensorflow, java",Mathematics,Other
Graduate_50,"cv, data mining, scikit-learn, java",Machine Learning,Other
Graduate_51,"scikit-learn, bioinformatics, python, statistics, cv",Machine Learning,Machine Learning Engineer
Graduate_52,"cv, java, data mining, c++, statistics",Robotics,Software Developer
Graduate_53,"statistics, deep learning, sql, cv, python",Chemistry,Machine Learning Engineer
Graduate_54,"tensorflow, statistics, deep learning, nlp, java",Chemistry,Software Developer
Graduate_55,"bioinformatics, scikit-learn, c++, statistics, cv, nlp",Other,AI Researcher
Graduate_56,"cv, data mining, statistics, scikit-learn, bioinformatics, java",Other,AI Researcher
Graduate_57,"c++, python, data mining, cv",Mathematics,Software Developer
Graduate_58,"java, python, c++, data mining, tensorflow",Physics,Other
Graduate_59,"c++, scikit-learn, statistics, data mining, bioinformatics, sql",AI & NLP,Data Scientist
Graduate_60,"sql, machine learning, bioinformatics, pytorch, c++",Chemistry,Data Scientist
Graduate_61,"pytorch, sql, python, nlp, tensorflow, machine learning",Chemistry,Postdoc
Graduate_62,"deep learning, statistics, tensorflow, data mining, java, scikit-learn",Robotics,Other
Graduate_63,"python, machine learning, deep learning, nlp, c++",Cybersecurity,Other
Graduate_64,"pytorch, deep learning, scikit-learn, python, tensorflow, statistics",Other,AI Researcher
Graduate_65,"cv, deep learning, data mining",Cybersecurity,Research Scientist
Graduate_66,"nlp, cv, deep learning, sql",Other,Software Developer
Graduate_67,"pytorch, cv, bioinformatics",Machine Learning,AI Researcher
Graduate_68,"nlp, data mining, c++, scikit-learn, cv, sql",Machine Learning,Machine Learning Engineer
Graduate_69,"nlp, data mining, java, scikit-learn, cv",Machine Learning,Postdoc
Graduate_70,"nlp, python, java",Cybersecurity,Postdoc
Graduate_71,"c++, deep learning, data mining, bioinformatics",Mathematics,Software Developer
Graduate_72,"c++, sql, bioinformatics",Other,Machine Learning Engineer
Graduate_73,"pytorch, tensorflow, python, statistics, machine learning",Other,Software Developer
Graduate_74,"data mining, c++, deep learning",Biology,Postdoc
Graduate_75,"nlp, cv, c++, deep learning, sql, data mining",Cybersecurity,Software Developer
Graduate_76,"python, pytorch, cv, statistics",Other,Machine Learning Engineer
Graduate_77,"tensorflow, nlp, deep learning",Machine Learning,Machine Learning Engineer
Graduate_78,"machine learning, nlp, c++, tensorflow, cv",Robotics,AI Researcher
Graduate_79,"deep learning, pytorch, c++",Robotics,Machine Learning Engineer
Graduate_80,"data mining, pytorch, nlp, machine learning",Other,AI Researcher
Graduate_81,"deep learning, java, c++, pytorch, data mining",Physics,Postdoc
Graduate_82,"deep learning, pytorch, python, c++, java",Cybersecurity,Postdoc
Graduate_83,"cv, python, machine learning, java, c++",AI & NLP,Research Scientist
Graduate_84,"c++, nlp, data mining, machine learning",Biology,AI Researcher
Graduate_85,"deep learning, python, cv, machine learning, nlp, sql",AI & NLP,Software Developer
Graduate_86,"bioinformatics, scikit-learn, deep learning, cv",AI & NLP,Postdoc
Graduate_87,"data mining, machine learning, sql, pytorch",Chemistry,Software Developer
Graduate_88,"java, python, sql, machine learning, data mining",Physics,Data Scientist
Graduate_89,"bioinformatics, sql, c++, pytorch, data mining, java",Physics,Postdoc
Graduate_90,"scikit-learn, machine learning, data mining",Other,Machine Learning Engineer
Graduate_91,"java, python, c++, data mining, deep learning, scikit-learn",Biology,Machine Learning Engineer
Graduate_92,"sql, pytorch, bioinformatics",Robotics,Data Scientist
Graduate_93,"scikit-learn, tensorflow, c++, sql, data mining, cv",Cybersecurity,Machine Learning Engineer
Graduate_94,"nlp, statistics, python",Biology,Other
Graduate_95,"scikit-learn, statistics, data mining, machine learning",Cybersecurity,Software Developer
Graduate_96,"pytorch, scikit-learn, deep learning, nlp",Cybersecurity,Machine Learning Engineer
Graduate_97,"deep learning, statistics, bioinformatics, tensorflow, pytorch, c++",Mathematics,Data Scientist
Graduate_98,"java, deep learning, sql, c++, data mining",Mathematics,AI Researcher
Graduate_99,"java, c++, cv",Physics,Other
Graduate_100,"python, pytorch, java, sql, bioinformatics",Cybersecurity,Data Scientist
Graduate_101,"bioinformatics, c++, data mining, nlp",Cybersecurity,AI Researcher
Graduate_102,"deep learning, scikit-learn, python, c++, statistics, pytorch",AI & NLP,Postdoc
Graduate_103,"cv, bioinformatics, python, scikit-learn, statistics, machine learning",Cybersecurity,AI Researcher
Graduate_104,"c++, java, tensorflow, sql, pytorch",Robotics,Other
Graduate_105,"pytorch, cv, python, bioinformatics",Other,AI Researcher
Graduate_106,"data mining, tensorflow, python, c++",Environmental Science,Machine Learning Engineer
Graduate_107,"tensorflow, deep learning, cv, statistics, scikit-learn, python",Environmental Science,Data Scientist
Graduate_108,"machine learning, sql, cv",Mathematics,Data Scientist
Graduate_109,"pytorch, tensorflow, machine learning",Machine Learning,Research Scientist
Graduate_110,"java, c++, nlp",Environmental Science,AI Researcher
Graduate_111,"pytorch, python, java, deep learning",AI & NLP,Data Scientist
Graduate_112,"tensorflow, c++, python, bioinformatics, java",Robotics,Postdoc
Graduate_113,"machine learning, cv, c++, pytorch, sql, java",Chemistry,AI Researcher
Graduate_114,"tensorflow, bioinformatics, cv, c++, pytorch, statistics",Environmental Science,Postdoc
Graduate_115,"c++, sql, tensorflow, statistics",AI & NLP,Postdoc
Graduate_116,"python, cv, nlp, c++, scikit-learn, statistics",Chemistry,Machine Learning Engineer
Graduate_117,"machine learning, bioinformatics, data mining, c++, java, scikit-learn",Chemistry,Software Developer
Graduate_118,"data mining, sql, statistics, java, tensorflow",Physics,Data Scientist
Graduate_119,"pytorch, machine learning, python",Robotics,Machine Learning Engineer
Graduate_120,"bioinformatics, python, machine learning, sql, scikit-learn, tensorflow",Cybersecurity,Data Scientist
Graduate_121,"deep learning, data mining, cv, c++, pytorch, tensorflow",Environmental Science,Research Scientist
Graduate_122,"scikit-learn, java, data mining",Machine Learning,Postdoc
Graduate_123,"java, scikit-learn, c++, data mining",Environmental Science,Software Developer
Graduate_124,"scikit-learn, pytorch, c++, deep learning, bioinformatics, java",Physics,Software Developer
Graduate_125,"statistics, c++, machine learning, python",Robotics,Research Scientist
Graduate_126,"cv, pytorch, scikit-learn, nlp, data mining, sql",Robotics,Research Scientist
Graduate_127,"cv, statistics, machine learning, sql, data mining",Physics,Software Developer
Graduate_128,"python, deep learning, sql, scikit-learn, c++",Machine Learning,Software Developer
Graduate_129,"statistics, bioinformatics, nlp, scikit-learn",Robotics,Research Scientist
Graduate_130,"python, c++, sql, java",Physics,Other
Graduate_131,"deep learning, scikit-learn, python, nlp, tensorflow",Environmental Science,Software Developer
Graduate_132,"deep learning, c++, pytorch",Environmental Science,Research Scientist
Graduate_133,"data mining, cv, c++, nlp",Robotics,Data Scientist
Graduate_134,"scikit-learn, sql, nlp, pytorch, bioinformatics, deep learning",Physics,Software Developer
Graduate_135,"java, machine learning, deep learning",Cybersecurity,AI Researcher
Graduate_136,"bioinformatics, deep learning, machine learning, statistics, java",Machine Learning,Data Scientist
Graduate_137,"machine learning, cv, nlp, statistics",Physics,Software Developer
Graduate_138,"cv, deep learning, python, tensorflow",Physics,Machine Learning Engineer
Graduate_139,"tensorflow, data mining, bioinformatics, pytorch, deep learning",Biology,AI Researcher
Graduate_140,"nlp, pytorch, bioinformatics",Robotics,Other
Graduate_141,"statistics, pytorch, cv",Mathematics,Data Scientist
Graduate_142,"nlp, machine learning, deep learning, python, pytorch, data mining",Machine Learning,Data Scientist
Graduate_143,"pytorch, statistics, c++",Biology,Software Developer
Graduate_144,"machine learning, python, c++, bioinformatics, deep learning, data mining",Cybersecurity,Machine Learning Engineer
Graduate_145,"deep learning, java, statistics, bioinformatics, data mining",Mathematics,Software Developer
Graduate_146,"data mining, java, machine learning",Biology,Machine Learning Engineer
Graduate_147,"pytorch, scikit-learn, tensorflow, c++, machine learning, sql",Physics,Machine Learning Engineer
Graduate_148,"java, bioinformatics, statistics",Robotics,AI Researcher
Graduate_149,"tensorflow, deep learning, machine learning",AI & NLP,Postdoc
Graduate_150,"machine learning, cv, pytorch, sql, c++",Robotics,Postdoc
Graduate_151,"c++, deep learning, cv, java, scikit-learn",Machine Learning,Research Scientist
Graduate_152,"pytorch, sql, statistics",AI & NLP,Machine Learning Engineer
Graduate_153,"statistics, pytorch, cv, deep learning, java",Biology,Postdoc
Graduate_154,"data mining, cv, statistics, scikit-learn, python, pytorch",Environmental Science,Machine Learning Engineer
Graduate_155,"machine learning, cv, data mining",AI & NLP,Machine Learning Engineer
Graduate_156,"sql, statistics, scikit-learn, python, nlp, pytorch",Robotics,Postdoc
Graduate_157,"java, scikit-learn, data mining, python, sql, cv",Other,Machine Learning Engineer
Graduate_158,"sql, data mining, python, tensorflow, machine learning, statistics",Robotics,Postdoc
Graduate_159,"c++, data mining, tensorflow",Mathematics,Data Scientist
Graduate_160,"nlp, pytorch, scikit-learn, machine learning",Other,Other
Graduate_161,"bioinformatics, java, sql, c++, deep learning, scikit-learn",Other,Machine Learning Engineer
Graduate_162,"python, pytorch, data mining",Mathematics,Other
Graduate_163,"deep learning, scikit-learn, statistics",Environmental Science,Data Scientist
Graduate_164,"c++, machine learning, python",Chemistry,Postdoc
Graduate_165,"data mining, machine learning, c++, cv, statistics",Biology,AI Researcher
Graduate_166,"tensorflow, scikit-learn, pytorch, python",Machine Learning,Postdoc
Graduate_167,"python, cv, bioinformatics, machine learning, deep learning",Environmental Science,AI Researcher
Graduate_168,"cv, nlp, sql, c++",Biology,Postdoc
Graduate_169,"machine learning, python, nlp",Other,Software Developer
Graduate_170,"python, scikit-learn, java",Machine Learning,Research Scientist
Graduate_171,"python, c++, pytorch, cv, data mining, java",AI & NLP,Other
Graduate_172,"java, nlp, statistics, deep learning",Robotics,Machine Learning Engineer
Graduate_173,"deep learning, pytorch, nlp",Biology,AI Researcher
Graduate_174,"statistics, tensorflow, sql",Chemistry,AI Researcher
Graduate_175,"sql, deep learning, data mining",Environmental Science,Machine Learning Engineer
Graduate_176,"scikit-learn, tensorflow, deep learning, machine learning",Robotics,Research Scientist
Graduate_177,"python, sql, scikit-learn, java, bioinformatics",Biology,Postdoc
Graduate_178,"scikit-learn, deep learning, statistics, python, pytorch, java",Physics,Research Scientist
Graduate_179,"c++, data mining, python, machine learning, pytorch, sql",Chemistry,Research Scientist
Graduate_180,"sql, tensorflow, deep learning, nlp, cv",Biology,Research Scientist
Graduate_181,"sql, c++, nlp, bioinformatics, machine learning, cv",Chemistry,Research Scientist
Graduate_182,"machine learning, bioinformatics, nlp, cv",Robotics,AI Researcher
Graduate_183,"deep learning, sql, data mining",Physics,Data Scientist
Graduate_184,"python, bioinformatics, machine learning, tensorflow, c++",AI & NLP,Research Scientist
Graduate_185,"data mining, sql, python, java",Environmental Science,Machine Learning Engineer
Graduate_186,"python, scikit-learn, cv, pytorch, nlp, deep learning",Cybersecurity,Research Scientist
Graduate_187,"sql, statistics, java",AI & NLP,Postdoc
Graduate_188,"statistics, c++, deep learning, pytorch, python, sql",Other,Software Developer
Graduate_189,"bioinformatics, deep learning, scikit-learn, statistics",Other,Software Developer
Graduate_190,"sql, tensorflow, scikit-learn, pytorch, python",Physics,Postdoc
Graduate_191,"nlp, sql, cv, bioinformatics, c++",Mathematics,Machine Learning Engineer
Graduate_192,"bioinformatics, data mining, python",Biology,Data Scientist
Graduate_193,"python, cv, java",Other,Other
Graduate_194,"nlp, java, pytorch, bioinformatics, cv, python",Mathematics,Data Scientist
Graduate_195,"cv, deep learning, tensorflow, data mining, bioinformatics, pytorch",Cybersecurity,AI Researcher
Graduate_196,"scikit-learn, bioinformatics, data mining, sql",Biology,Research Scientist
Graduate_197,"c++, deep learning, cv, python, bioinformatics, sql",Cybersecurity,Research Scientist
Graduate_198,"python, c++, machine learning, java",Biology,Other
Graduate_199,"deep learning, nlp, sql, pytorch, scikit-learn",Chemistry,Other
Graduate_200,"c++, tensorflow, machine learning",Environmental Science,Data Scientist
Graduate_201,"cv, tensorflow, pytorch, scikit-learn",Mathematics,Machine Learning Engineer
Graduate_202,"cv, python, c++",Machine Learning,Postdoc
Graduate_203,"machine learning, c++, statistics, data mining, scikit-learn",Physics,AI Researcher
Graduate_204,"python, bioinformatics, pytorch, c++",Biology,Postdoc
Graduate_205,"sql, pytorch, cv, data mining, java",Physics,AI Researcher
Graduate_206,"tensorflow, bioinformatics, statistics, nlp, deep learning",AI & NLP,Machine Learning Engineer
Graduate_207,"tensorflow, cv, data mining",Biology,Research Scientist
Graduate_208,"statistics, data mining, cv, java",Physics,Other
Graduate_209,"python, java, tensorflow, deep learning, machine learning, data mining",Other,AI Researcher
Graduate_210,"tensorflow, java, deep learning, python, c++",Cybersecurity,Machine Learning Engineer
Graduate_211,"sql, machine learning, scikit-learn, statistics, tensorflow",AI & NLP,Other
Graduate_212,"data mining, deep learning, c++, statistics, nlp",Other,AI Researcher
Graduate_213,"tensorflow, sql, scikit-learn, c++",Cybersecurity,AI Researcher
Graduate_214,"c++, java, data mining, statistics, scikit-learn",Robotics,AI Researcher
Graduate_215,"tensorflow, machine learning, bioinformatics, scikit-learn, python",Environmental Science,AI Researcher
Graduate_216,"deep learning, machine learning, statistics, sql, bioinformatics",Robotics,Other
Graduate_217,"sql, bioinformatics, python, data mining",Robotics,Postdoc
Graduate_218,"scikit-learn, statistics, cv",Chemistry,Machine Learning Engineer
Graduate_219,"sql, deep learning, nlp",Mathematics,Data Scientist
Graduate_220,"deep learning, sql, bioinformatics",AI & NLP,Postdoc
Graduate_221,"sql, deep learning, c++",Environmental Science,AI Researcher
Graduate_222,"sql, scikit-learn, nlp, cv, pytorch",AI & NLP,Data Scientist
Graduate_223,"sql, cv, pytorch",Robotics,Other
Graduate_224,"sql, machine learning, java, nlp, scikit-learn, cv",Physics,Machine Learning Engineer
Graduate_225,"nlp, tensorflow, scikit-learn, python, pytorch, statistics",Mathematics,Data Scientist
Graduate_226,"data mining, statistics, c++, nlp",Chemistry,AI Researcher
Graduate_227,"python, c++, nlp, statistics, java, bioinformatics",AI & NLP,Machine Learning Engineer
Graduate_228,"data mining, scikit-learn, java, statistics",Environmental Science,Other
Graduate_229,"nlp, java, sql, machine learning, deep learning, statistics",Environmental Science,Data Scientist
Graduate_230,"tensorflow, c++, nlp, deep learning, cv, bioinformatics",Robotics,Data Scientist
Graduate_231,"c++, sql, nlp, cv, statistics, bioinformatics",Machine Learning,Other
Graduate_232,"scikit-learn, cv, tensorflow, statistics, deep learning",Environmental Science,Data Scientist
Graduate_233,"nlp, python, tensorflow, java, sql",Environmental Science,Postdoc
Graduate_234,"statistics, machine learning, deep learning, c++, data mining, tensorflow",Environmental Science,Other
Graduate_235,"pytorch, statistics, java, scikit-learn",AI & NLP,Other
Graduate_236,"sql, statistics, data mining, deep learning",Environmental Science,Data Scientist
Graduate_237,"scikit-learn, java, data mining, nlp, statistics, bioinformatics",Robotics,AI Researcher
Graduate_238,"tensorflow, deep learning, statistics",AI & NLP,Data Scientist
Graduate_239,"data mining, nlp, machine learning",Biology,AI Researcher
Graduate_240,"machine learning, c++, scikit-learn",Biology,Postdoc
Graduate_241,"data mining, statistics, pytorch, c++, bioinformatics",Machine Learning,Machine Learning Engineer
Graduate_242,"java, deep learning, tensorflow",Robotics,Research Scientist
Graduate_243,"c++, python, java, data mining, bioinformatics, tensorflow",Robotics,AI Researcher
Graduate_244,"bioinformatics, java, cv, nlp, sql",Other,Machine Learning Engineer
Graduate_245,"data mining, scikit-learn, pytorch, sql",AI & NLP,Machine Learning Engineer
Graduate_246,"pytorch, python, bioinformatics",Mathematics,Software Developer
Graduate_247,"data mining, statistics, java, tensorflow, pytorch",Mathematics,AI Researcher
Graduate_248,"pytorch, data mining, bioinformatics",Environmental Science,Machine Learning Engineer
Graduate_249,"scikit-learn, deep learning, machine learning, c++, java, nlp",Robotics,Other
Graduate_250,"nlp, statistics, pytorch, cv",Physics,AI Researcher
Graduate_251,"python, java, data mining, cv",Robotics,Other
Graduate_252,"nlp, machine learning, sql",Physics,Software Developer
Graduate_253,"scikit-learn, sql, nlp, pytorch",Chemistry,Other
Graduate_254,"data mining, tensorflow, deep learning",Chemistry,Software Developer
Graduate_255,"statistics, sql, pytorch",AI & NLP,Machine Learning Engineer
Graduate_256,"statistics, data mining, cv, tensorflow",Chemistry,Software Developer
Graduate_257,"deep learning, machine learning, pytorch, python, cv",Environmental Science,Research Scientist
Graduate_258,"python, c++, java, machine learning, statistics, sql",Mathematics,Data Scientist
Graduate_259,"tensorflow, statistics, sql, machine learning",Chemistry,Software Developer
Graduate_260,"python, data mining, nlp, deep learning, c++, statistics",AI & NLP,Postdoc
Graduate_261,"python, deep learning, machine learning, sql, java",Mathematics,AI Researcher
Graduate_262,"c++, scikit-learn, machine learning, bioinformatics, sql",Cybersecurity,Data Scientist
Graduate_263,"machine learning, scikit-learn, cv, python",Cybersecurity,Software Developer
Graduate_264,"c++, machine learning, data mining",AI & NLP,Postdoc
Graduate_265,"c++, sql, machine learning, java, bioinformatics, data mining",Other,Research Scientist
Graduate_266,"machine learning, scikit-learn, sql",Machine Learning,Other
Graduate_267,"java, scikit-learn, cv, bioinformatics, python, pytorch",Environmental Science,AI Researcher
Graduate_268,"pytorch, cv, python, java, c++",AI & NLP,Postdoc
Graduate_269,"data mining, python, pytorch",Robotics,Other
Graduate_270,"deep learning, statistics, machine learning",Chemistry,Machine Learning Engineer
Graduate_271,"bioinformatics, sql, tensorflow, c++, cv",Chemistry,Postdoc
Graduate_272,"pytorch, scikit-learn, python, deep learning, sql",Machine Learning,Software Developer
Graduate_273,"bioinformatics, scikit-learn, deep learning, pytorch",Biology,Data Scientist
Graduate_274,"deep learning, data mining, bioinformatics, cv, statistics, python",AI & NLP,AI Researcher
Graduate_275,"nlp, pytorch, java, machine learning, c++",Other,AI Researcher
Graduate_276,"nlp, sql, python",Machine Learning,Machine Learning Engineer
Graduate_277,"sql, c++, scikit-learn",Cybersecurity,Machine Learning Engineer
Graduate_278,"tensorflow, deep learning, nlp, java",Environmental Science,Other
Graduate_279,"deep learning, c++, bioinformatics",Other,AI Researcher
Graduate_280,"python, c++, data mining, bioinformatics, nlp",Biology,Data Scientist
Graduate_281,"java, data mining, python, scikit-learn, tensorflow",Chemistry,Postdoc
Graduate_282,"scikit-learn, cv, nlp, machine learning, python",Robotics,Research Scientist
Graduate_283,"deep learning, pytorch, nlp, c++, cv, sql",AI & NLP,Machine Learning Engineer
Graduate_284,"tensorflow, deep learning, scikit-learn, statistics",Chemistry,Software Developer
Graduate_285,"scikit-learn, nlp, cv, machine learning, python, bioinformatics",Machine Learning,Software Developer
Graduate_286,"pytorch, bioinformatics, cv",Biology,AI Researcher
Graduate_287,"python, java, deep learning",Chemistry,Research Scientist
Graduate_288,"statistics, bioinformatics, deep learning, sql, cv, java",Cybersecurity,Postdoc
Graduate_289,"sql, nlp, java, python",Biology,Data Scientist
Graduate_290,"tensorflow, machine learning, cv, data mining",Environmental Science,Research Scientist
Graduate_291,"tensorflow, bioinformatics, c++",Environmental Science,Postdoc
Graduate_292,"cv, sql, tensorflow, c++, statistics",Environmental Science,Data Scientist
Graduate_293,"tensorflow, java, data mining, sql, machine learning",Physics,Other
Graduate_294,"deep learning, tensorflow, java, python, pytorch",Other,Other
Graduate_295,"deep learning, bioinformatics, statistics, sql, cv",Chemistry,Other
Graduate_296,"data mining, scikit-learn, python, sql, tensorflow, statistics",Physics,Other
Graduate_297,"statistics, java, tensorflow, scikit-learn, cv",Physics,Software Developer
Graduate_298,"data mining, c++, scikit-learn, nlp",Environmental Science,Data Scientist
Graduate_299,"python, bioinformatics, deep learning, data mining, c++",Robotics,Research Scientist
Graduate_300,"deep learning, cv, tensorflow",Mathematics,Software Developer
Graduate_301,"machine learning, statistics, cv, python",Physics,Other
Graduate_302,"scikit-learn, c++, statistics, pytorch, bioinformatics",Chemistry,AI Researcher
Graduate_303,"statistics, c++, machine learning",Physics,Research Scientist
Graduate_304,"pytorch, machine learning, tensorflow, nlp",Machine Learning,AI Researcher
Graduate_305,"machine learning, tensorflow, deep learning, sql",Robotics,Machine Learning Engineer
Graduate_306,"tensorflow, c++, data mining, python, scikit-learn, deep learning",Biology,AI Researcher
Graduate_307,"scikit-learn, machine learning, sql, nlp",Other,Machine Learning Engineer
Graduate_308,"c++, nlp, tensorflow, statistics",Other,Software Developer
Graduate_309,"data mining, bioinformatics, scikit-learn",Environmental Science,Other
Graduate_310,"tensorflow, deep learning, bioinformatics, java, pytorch, scikit-learn",Machine Learning,Other
Graduate_311,"data mining, pytorch, c++, deep learning, python, statistics",Cybersecurity,Data Scientist
Graduate_312,"bioinformatics, pytorch, machine learning, sql",Environmental Science,Postdoc
Graduate_313,"java, data mining, nlp",AI & NLP,Postdoc
Graduate_314,"java, nlp, statistics",Biology,Machine Learning Engineer
Graduate_315,"c++, sql, statistics, java, bioinformatics, cv",Chemistry,Software Developer
Graduate_316,"c++, deep learning, bioinformatics, machine learning",AI & NLP,Postdoc
Graduate_317,"statistics, cv, c++, java, machine learning, data mining",Machine Learning,Machine Learning Engineer
Graduate_318,"sql, python, nlp, deep learning, c++, statistics",Biology,Software Developer
Graduate_319,"bioinformatics, deep learning, scikit-learn, c++, machine learning",Mathematics,Other
Graduate_320,"machine learning, deep learning, sql, bioinformatics, tensorflow, cv",Mathematics,Machine Learning Engineer
Graduate_321,"machine learning, scikit-learn, java",Environmental Science,Machine Learning Engineer
Graduate_322,"statistics, cv, bioinformatics, pytorch",AI & NLP,Machine Learning Engineer
Graduate_323,"statistics, deep learning, bioinformatics",Mathematics,Research Scientist
Graduate_324,"sql, data mining, deep learning",Chemistry,Postdoc
Graduate_325,"python, data mining, sql",Cybersecurity,Postdoc
Graduate_326,"statistics, scikit-learn, sql, data mining",Physics,Software Developer
Graduate_327,"sql, bioinformatics, nlp, c++",Physics,Software Developer
Graduate_328,"cv, sql, bioinformatics, c++, tensorflow",Environmental Science,Other
Graduate_329,"pytorch, bioinformatics, java, machine learning",Chemistry,Data Scientist
Graduate_330,"deep learning, bioinformatics, pytorch, java, python",Biology,Data Scientist
Graduate_331,"scikit-learn, bioinformatics, python, machine learning",Physics,Other
Graduate_332,"cv, pytorch, nlp",Robotics,Other
Graduate_333,"data mining, pytorch, sql, tensorflow, cv",Physics,Research Scientist
Graduate_334,"bioinformatics, c++, cv, java",Physics,Research Scientist
Graduate_335,"nlp, statistics, tensorflow",Physics,Other
Graduate_336,"tensorflow, sql, c++, machine learning, statistics",Environmental Science,AI Researcher
Graduate_337,"tensorflow, nlp, cv, machine learning, data mining",Other,Other
Graduate_338,"tensorflow, pytorch, nlp, bioinformatics, scikit-learn",Mathematics,Other
Graduate_339,"pytorch, java, bioinformatics, tensorflow",Chemistry,Other
Graduate_340,"nlp, data mining, machine learning, java",Environmental Science,Data Scientist
Graduate_341,"cv, c++, pytorch",Cybersecurity,Data Scientist
Graduate_342,"statistics, tensorflow, cv, deep learning, pytorch, nlp",Other,Machine Learning Engineer
Graduate_343,"scikit-learn, deep learning, bioinformatics, sql, pytorch",Mathematics,Software Developer
Graduate_344,"data mining, python, machine learning, tensorflow, scikit-learn",Other,Research Scientist
Graduate_345,"pytorch, sql, cv, java, statistics",Environmental Science,Postdoc
Graduate_346,"pytorch, statistics, cv, nlp",Machine Learning,Data Scientist
Graduate_347,"bioinformatics, scikit-learn, pytorch",Chemistry,Data Scientist
Graduate_348,"bioinformatics, scikit-learn, data mining, nlp",Physics,Machine Learning Engineer
Graduate_349,"cv, sql, deep learning, c++, tensorflow, data mining",Other,Other
Graduate_350,"machine learning, deep learning, statistics, python",AI & NLP,Other
Graduate_351,"statistics, c++, data mining, nlp",AI & NLP,AI Researcher
Graduate_352,"tensorflow, java, python, scikit-learn, data mining, deep learning",Biology,Research Scientist
Graduate_353,"bioinformatics, deep learning, tensorflow, sql, scikit-learn, pytorch",Cybersecurity,Research Scientist
Graduate_354,"c++, statistics, pytorch, bioinformatics, data mining",Chemistry,Software Developer
Graduate_355,"statistics, sql, machine learning",Robotics,AI Researcher
Graduate_356,"machine learning, c++, nlp, python, data mining, scikit-learn",Other,Machine Learning Engineer
Graduate_357,"python, scikit-learn, bioinformatics",Robotics,Software Developer
Graduate_358,"deep learning, pytorch, machine learning, sql, c++",Cybersecurity,Postdoc
Graduate_359,"deep learning, java, sql, bioinformatics, scikit-learn, cv",Biology,Software Developer
Graduate_360,"bioinformatics, scikit-learn, sql, nlp, tensorflow, c++",Environmental Science,Research Scientist
Graduate_361,"nlp, bioinformatics, python, deep learning",Environmental Science,Research Scientist
Graduate_362,"cv, bioinformatics, sql, deep learning, tensorflow, c++",Biology,AI Researcher
Graduate_363,"python, nlp, c++",Chemistry,Data Scientist
Graduate_364,"machine learning, python, scikit-learn, pytorch",Cybersecurity,Data Scientist
Graduate_365,"statistics, cv, sql",Environmental Science,Postdoc
Graduate_366,"java, statistics, tensorflow, sql, deep learning",Machine Learning,AI Researcher
Graduate_367,"python, pytorch, sql, cv, data mining, c++",Robotics,AI Researcher
Graduate_368,"pytorch, sql, java",Mathematics,Research Scientist
Graduate_369,"java, bioinformatics, c++, nlp, data mining",Robotics,Software Developer
Graduate_370,"data mining, bioinformatics, tensorflow, deep learning",Chemistry,Research Scientist
Graduate_371,"java, c++, nlp, deep learning, machine learning, tensorflow",Other,Other
Graduate_372,"bioinformatics, c++, sql, java",Robotics,Machine Learning Engineer
Graduate_373,"cv, deep learning, nlp, scikit-learn, statistics, c++",Physics,AI Researcher
Graduate_374,"sql, scikit-learn, pytorch, c++, bioinformatics",Machine Learning,Software Developer
Graduate_375,"c++, cv, python, pytorch, tensorflow",Robotics,Postdoc
Graduate_376,"java, data mining, c++, scikit-learn, pytorch",Physics,Machine Learning Engineer
Graduate_377,"deep learning, cv, sql, tensorflow, python",Chemistry,Data Scientist
Graduate_378,"deep learning, nlp, bioinformatics, scikit-learn, statistics, data mining",AI & NLP,Postdoc
Graduate_379,"tensorflow, pytorch, sql, machine learning",Mathematics,Postdoc
Graduate_380,"c++, pytorch, java",Robotics,AI Researcher
Graduate_381,"nlp, data mining, machine learning, cv, java",Physics,Machine Learning Engineer
Graduate_382,"statistics, java, machine learning, cv",Robotics,Other
Graduate_383,"python, scikit-learn, pytorch, cv, deep learning",Robotics,Data Scientist
Graduate_384,"bioinformatics, c++, machine learning, scikit-learn, tensorflow, java",Cybersecurity,AI Researcher
Graduate_385,"deep learning, scikit-learn, sql",Cybersecurity,Software Developer
Graduate_386,"nlp, tensorflow, bioinformatics, java, data mining",AI & NLP,Data Scientist
Graduate_387,"deep learning, sql, python",Biology,Data Scientist
Graduate_388,"sql, deep learning, cv, scikit-learn",Environmental Science,Software Developer
Graduate_389,"machine learning, cv, scikit-learn",Biology,Machine Learning Engineer
Graduate_390,"python, statistics, machine learning, pytorch, scikit-learn",Other,Software Developer
Graduate_391,"pytorch, nlp, statistics, deep learning, java, cv",Biology,Other
Graduate_392,"statistics, nlp, java",Chemistry,Machine Learning Engineer
Graduate_393,"scikit-learn, tensorflow, python",Chemistry,Postdoc
Graduate_394,"scikit-learn, python, data mining",Environmental Science,AI Researcher
Graduate_395,"c++, cv, statistics, bioinformatics",AI & NLP,Software Developer
Graduate_396,"c++, tensorflow, pytorch, python, java, nlp",Biology,Data Scientist
Graduate_397,"data mining, nlp, java, statistics, scikit-learn, sql",Environmental Science,AI Researcher
Graduate_398,"sql, tensorflow, scikit-learn, java, python, statistics",Environmental Science,Software Developer
Graduate_399,"sql, machine learning, bioinformatics",Chemistry,AI Researcher
Graduate_400,"tensorflow, machine learning, deep learning, bioinformatics",Chemistry,Software Developer
Graduate_401,"deep learning, sql, bioinformatics, scikit-learn",Physics,Postdoc
Graduate_402,"machine learning, statistics, cv, python, deep learning",Chemistry,AI Researcher
Graduate_403,"data mining, cv, machine learning, pytorch, sql, java",Robotics,AI Researcher
Graduate_404,"machine learning, statistics, c++",Cybersecurity,Other
Graduate_405,"c++, statistics, cv, data mining, python, nlp",AI & NLP,Machine Learning Engineer
Graduate_406,"nlp, python, bioinformatics, deep learning, machine learning",Other,Software Developer
Graduate_407,"sql, c++, bioinformatics",Mathematics,Other
Graduate_408,"bioinformatics, cv, nlp",AI & NLP,Data Scientist
Graduate_409,"deep learning, statistics, python, sql, nlp, data mining",Other,Data Scientist
Graduate_410,"cv, bioinformatics, statistics, java, deep learning",AI & NLP,Machine Learning Engineer
Graduate_411,"pytorch, c++, tensorflow",AI & NLP,Other
Graduate_412,"data mining, java, machine learning",Chemistry,Machine Learning Engineer
Graduate_413,"tensorflow, java, cv, statistics",Physics,Postdoc
Graduate_414,"statistics, tensorflow, scikit-learn, java, deep learning, cv",Mathematics,AI Researcher
Graduate_415,"python, c++, machine learning, pytorch, data mining",Biology,Software Developer
Graduate_416,"nlp, scikit-learn, sql, bioinformatics",Robotics,Data Scientist
Graduate_417,"machine learning, pytorch, statistics, deep learning",Cybersecurity,Data Scientist
Graduate_418,"deep learning, bioinformatics, python, sql",Chemistry,Data Scientist
Graduate_419,"scikit-learn, nlp, cv, statistics, java",Cybersecurity,Software Developer
Graduate_420,"deep learning, java, statistics",Cybersecurity,Machine Learning Engineer
Graduate_421,"statistics, nlp, deep learning, scikit-learn, bioinformatics",AI & NLP,Machine Learning Engineer
Graduate_422,"bioinformatics, c++, statistics, java",Physics,Software Developer
Graduate_423,"c++, scikit-learn, deep learning",Mathematics,Software Developer
Graduate_424,"bioinformatics, machine learning, python",AI & NLP,Software Developer
Graduate_425,"c++, data mining, pytorch, tensorflow",Other,Research Scientist
Graduate_426,"data mining, sql, python, nlp",Machine Learning,AI Researcher
Graduate_427,"statistics, python, deep learning, data mining, cv",Robotics,Research Scientist
Graduate_428,"c++, python, deep learning, cv",Other,Machine Learning Engineer
Graduate_429,"machine learning, scikit-learn, data mining",Robotics,Machine Learning Engineer
Graduate_430,"nlp, pytorch, scikit-learn",AI & NLP,AI Researcher
Graduate_431,"statistics, pytorch, machine learning, deep learning, sql",Robotics,Machine Learning Engineer
Graduate_432,"machine learning, tensorflow, statistics",Chemistry,AI Researcher
Graduate_433,"nlp, deep learning, machine learning, tensorflow",Machine Learning,Other
Graduate_434,"python, c++, java, cv",Physics,Software Developer
Graduate_435,"data mining, pytorch, deep learning, statistics",Environmental Science,Other
Graduate_436,"machine learning, bioinformatics, c++, scikit-learn",Biology,Postdoc
Graduate_437,"c++, cv, tensorflow",Other,Software Developer
Graduate_438,"machine learning, tensorflow, nlp, deep learning, scikit-learn, cv",Cybersecurity,Data Scientist
Graduate_439,"scikit-learn, pytorch, deep learning, statistics, python",Machine Learning,AI Researcher
Graduate_440,"machine learning, statistics, scikit-learn, nlp",Machine Learning,Machine Learning Engineer
Graduate_441,"java, nlp, machine learning, data mining, deep learning, c++",Cybersecurity,Postdoc
Graduate_442,"data mining, cv, python, c++, java",Other,Software Developer
Graduate_443,"tensorflow, cv, statistics",Robotics,Software Developer
Graduate_444,"c++, machine learning, data mining, java",Physics,Software Developer
Graduate_445,"tensorflow, nlp, java",AI & NLP,Software Developer
Graduate_446,"scikit-learn, nlp, statistics, cv, sql",Physics,Software Developer
Graduate_447,"machine learning, data mining, nlp, c++, sql",Mathematics,Research Scientist
Graduate_448,"cv, bioinformatics, java, nlp",Biology,Software Developer
Graduate_449,"cv, sql, tensorflow, deep learning, c++, data mining",Other,Other
Graduate_450,"bioinformatics, data mining, deep learning, c++",Physics,Other
Graduate_451,"machine learning, java, scikit-learn",Machine Learning,Research Scientist
Graduate_452,"deep learning, machine learning, tensorflow, pytorch, statistics, data mining",Cybersecurity,Other
Graduate_453,"python, bioinformatics, scikit-learn",Robotics,Machine Learning Engineer
Graduate_454,"sql, data mining, pytorch, cv, java",AI & NLP,Machine Learning Engineer
Graduate_455,"data mining, pytorch, python, java, sql",Chemistry,Machine Learning Engineer
Graduate_456,"statistics, bioinformatics, c++, deep learning, scikit-learn",Robotics,Postdoc
Graduate_457,"c++, cv, java, statistics",Environmental Science,Software Developer
Graduate_458,"sql, data mining, tensorflow, python, c++, nlp",Biology,Research Scientist
Graduate_459,"pytorch, sql, data mining, bioinformatics, statistics, machine learning",Other,Software Developer
Graduate_460,"c++, bioinformatics, nlp, java, sql, python",Machine Learning,AI Researcher
Graduate_461,"nlp, cv, bioinformatics, c++",Other,Software Developer
Graduate_462,"sql, pytorch, data mining, scikit-learn",Machine Learning,Machine Learning Engineer
Graduate_463,"pytorch, deep learning, tensorflow",Environmental Science,Research Scientist
Graduate_464,"nlp, statistics, tensorflow",Mathematics,Postdoc
Graduate_465,"data mining, nlp, c++, tensorflow",Robotics,Postdoc
Graduate_466,"cv, data mining, pytorch, tensorflow, statistics, scikit-learn",Machine Learning,Research Scientist
Graduate_467,"machine learning, java, deep learning, bioinformatics, python",Biology,Machine Learning Engineer
Graduate_468,"machine learning, sql, scikit-learn, c++, bioinformatics, pytorch",Machine Learning,Software Developer
Graduate_469,"scikit-learn, sql, tensorflow, pytorch, machine learning, java",Biology,Data Scientist
Graduate_470,"sql, data mining, bioinformatics, machine learning, tensorflow",Physics,Research Scientist
Graduate_471,"statistics, java, cv, sql, pytorch, scikit-learn",Environmental Science,Research Scientist
Graduate_472,"c++, sql, machine learning, python, scikit-learn",Other,Postdoc
Graduate_473,"data mining, cv, java, machine learning, nlp, pytorch",Mathematics,Research Scientist
Graduate_474,"sql, data mining, c++, cv",Other,Research Scientist
Graduate_475,"scikit-learn, nlp, pytorch, data mining, tensorflow, c++",Robotics,Postdoc
Graduate_476,"statistics, bioinformatics, nlp, data mining",Robotics,Machine Learning Engineer
Graduate_477,"deep learning, statistics, machine learning",Mathematics,Machine Learning Engineer
Graduate_478,"sql, tensorflow, java",Chemistry,Machine Learning Engineer
Graduate_479,"pytorch, nlp, c++",Chemistry,Research Scientist
Graduate_480,"sql, statistics, pytorch",Chemistry,Software Developer
Graduate_481,"machine learning, nlp, scikit-learn, sql, pytorch, c++",Other,Research Scientist
Graduate_482,"scikit-learn, deep learning, data mining, machine learning, c++",Chemistry,Machine Learning Engineer
Graduate_483,"tensorflow, java, data mining",Mathematics,Postdoc
Graduate_484,"tensorflow, java, statistics, scikit-learn",Mathematics,AI Researcher
Graduate_485,"sql, data mining, statistics, cv",AI & NLP,Research Scientist
Graduate_486,"cv, c++, tensorflow, statistics, machine learning, data mining",Other,Postdoc
Graduate_487,"machine learning, bioinformatics, data mining, scikit-learn, cv",Robotics,AI Researcher
Graduate_488,"deep learning, java, sql",Environmental Science,Data Scientist
Graduate_489,"statistics, python, tensorflow",Other,Software Developer
Graduate_490,"java, c++, sql",Other,Machine Learning Engineer
Graduate_491,"sql, cv, data mining, java",AI & NLP,AI Researcher
Graduate_492,"c++, statistics, tensorflow, data mining, bioinformatics, nlp",Biology,Research Scientist
Graduate_493,"tensorflow, deep learning, pytorch",Other,Software Developer
Graduate_494,"sql, python, cv, bioinformatics, tensorflow, statistics",Cybersecurity,Software Developer
Graduate_495,"tensorflow, cv, scikit-learn",Physics,Software Developer
Graduate_496,"python, pytorch, cv",Cybersecurity,Machine Learning Engineer
Graduate_497,"python, c++, pytorch, cv",Physics,Postdoc
Graduate_498,"deep learning, statistics, python, cv",AI & NLP,Software Developer
Graduate_499,"cv, tensorflow, statistics, java, c++",Physics,Data Scientist
Graduate_500,"statistics, machine learning, c++, deep learning, java",Chemistry,Other
Graduate_501,"machine learning, scikit-learn, sql, data mining, java",Machine Learning,Data Scientist
Graduate_502,"java, pytorch, scikit-learn, nlp, deep learning",Machine Learning,Software Developer
Graduate_503,"nlp, machine learning, deep learning, sql, python, tensorflow",Machine Learning,Machine Learning Engineer
Graduate_504,"sql, machine learning, bioinformatics, python",Cybersecurity,AI Researcher
Graduate_505,"machine learning, tensorflow, statistics, data mining, java",Machine Learning,Postdoc
Graduate_506,"nlp, data mining, python",Other,AI Researcher
Graduate_507,"nlp, statistics, pytorch, java, tensorflow, data mining",Environmental Science,AI Researcher
Graduate_508,"machine learning, tensorflow, cv, data mining, c++",Biology,Other
Graduate_509,"scikit-learn, machine learning, tensorflow, nlp, python",Mathematics,Other
Graduate_510,"scikit-learn, java, tensorflow, c++",Mathematics,Postdoc
Graduate_511,"bioinformatics, scikit-learn, deep learning, python, sql, data mining",Other,Research Scientist
Graduate_512,"nlp, bioinformatics, c++, pytorch, sql",Chemistry,Other
Graduate_513,"data mining, sql, python, nlp",Mathematics,Machine Learning Engineer
Graduate_514,"bioinformatics, nlp, data mining",Chemistry,Postdoc
Graduate_515,"c++, nlp, cv, statistics, pytorch",Other,Data Scientist
Graduate_516,"pytorch, c++, tensorflow, python",Cybersecurity,AI Researcher
Graduate_517,"scikit-learn, pytorch, cv",Machine Learning,Research Scientist
Graduate_518,"bioinformatics, java, tensorflow",Cybersecurity,Data Scientist
Graduate_519,"deep learning, sql, pytorch, nlp, c++, scikit-learn",Other,Software Developer
Graduate_520,"deep learning, java, nlp",Environmental Science,Data Scientist
Graduate_521,"machine learning, cv, java, statistics, nlp, pytorch",Chemistry,Research Scientist
Graduate_522,"pytorch, scikit-learn, c++, statistics, python",Chemistry,Data Scientist
Graduate_523,"pytorch, c++, cv, deep learning",Environmental Science,Data Scientist
Graduate_524,"deep learning, scikit-learn, pytorch, bioinformatics",Machine Learning,AI Researcher
Graduate_525,"c++, nlp, scikit-learn, statistics, deep learning",Mathematics,Research Scientist
Graduate_526,"sql, cv, nlp, machine learning, statistics, c++",Cybersecurity,Data Scientist
Graduate_527,"c++, machine learning, scikit-learn",Other,Software Developer
Graduate_528,"sql, machine learning, python, pytorch",Physics,Machine Learning Engineer
Graduate_529,"statistics, pytorch, c++, deep learning, cv, sql",Physics,Software Developer
Graduate_530,"nlp, bioinformatics, c++, deep learning, sql",AI & NLP,Software Developer
Graduate_531,"deep learning, c++, cv",Chemistry,Software Developer
Graduate_532,"deep learning, nlp, python, scikit-learn, java",Cybersecurity,AI Researcher
Graduate_533,"nlp, cv, data mining, statistics, bioinformatics",Mathematics,Other
Graduate_534,"data mining, machine learning, bioinformatics, deep learning, python",Environmental Science,Postdoc
Graduate_535,"bioinformatics, java, tensorflow, deep learning, statistics, sql",Robotics,Data Scientist
Graduate_536,"bioinformatics, python, data mining, nlp, deep learning",Physics,Research Scientist
Graduate_537,"deep learning, tensorflow, sql, cv, scikit-learn, python",Other,Other
Graduate_538,"machine learning, c++, java, bioinformatics, scikit-learn",Mathematics,Data Scientist
Graduate_539,"bioinformatics, python, nlp, sql, tensorflow",Robotics,Other
Graduate_540,"tensorflow, sql, machine learning, java, python",Cybersecurity,Research Scientist
Graduate_541,"statistics, c++, deep learning, python",Biology,Research Scientist
Graduate_542,"cv, python, pytorch, nlp",Machine Learning,Other
Graduate_543,"sql, deep learning, data mining, pytorch",Machine Learning,Software Developer
Graduate_544,"deep learning, statistics, bioinformatics, tensorflow, sql",Physics,AI Researcher
Graduate_545,"scikit-learn, deep learning, python, nlp",Chemistry,Software Developer
Graduate_546,"machine learning, tensorflow, statistics, bioinformatics, c++",AI & NLP,Research Scientist
Graduate_547,"java, deep learning, data mining",Environmental Science,Data Scientist
Graduate_548,"deep learning, tensorflow, sql, bioinformatics",Chemistry,Other
Graduate_549,"scikit-learn, cv, pytorch, data mining, machine learning",Physics,Software Developer
Graduate_550,"statistics, deep learning, scikit-learn",Environmental Science,Other
Graduate_551,"python, tensorflow, cv, c++, java",Chemistry,Software Developer
Graduate_552,"machine learning, sql, java, scikit-learn, bioinformatics",Cybersecurity,Other
Graduate_553,"c++, data mining, machine learning, deep learning, statistics, pytorch",Other,Postdoc
Graduate_554,"cv, statistics, scikit-learn",Other,Research Scientist
Graduate_555,"bioinformatics, python, statistics, java",Machine Learning,AI Researcher
Graduate_556,"c++, machine learning, scikit-learn, data mining, tensorflow, python",Environmental Science,Data Scientist
Graduate_557,"c++, cv, python, sql",Robotics,Software Developer
Graduate_558,"sql, deep learning, statistics, python, data mining, scikit-learn",Environmental Science,Machine Learning Engineer
Graduate_559,"deep learning, nlp, pytorch, python, sql",Other,Research Scientist
Graduate_560,"pytorch, bioinformatics, c++",Robotics,Research Scientist
Graduate_561,"deep learning, c++, scikit-learn, java, cv, data mining",Biology,Data Scientist
Graduate_562,"java, scikit-learn, python, machine learning, cv, data mining",Cybersecurity,Software Developer
Graduate_563,"deep learning, tensorflow, java, scikit-learn, python",Environmental Science,Research Scientist
Graduate_564,"c++, data mining, bioinformatics, machine learning, python, nlp",Robotics,Data Scientist
Graduate_565,"sql, cv, scikit-learn, machine learning, c++",Physics,Data Scientist
Graduate_566,"python, pytorch, statistics",AI & NLP,Other
Graduate_567,"tensorflow, machine learning, c++, scikit-learn",Cybersecurity,Data Scientist
Graduate_568,"scikit-learn, tensorflow, nlp",Cybersecurity,Postdoc
Graduate_569,"bioinformatics, statistics, sql",Machine Learning,Software Developer
Graduate_570,"machine learning, c++, bioinformatics, scikit-learn, nlp",Other,Postdoc
Graduate_571,"tensorflow, java, python, c++, machine learning, deep learning",AI & NLP,Research Scientist
Graduate_572,"sql, cv, machine learning, tensorflow, bioinformatics, nlp",Other,Software Developer
Graduate_573,"data mining, cv, bioinformatics, machine learning, pytorch",Physics,Software Developer
Graduate_574,"c++, data mining, pytorch",Other,Machine Learning Engineer
Graduate_575,"sql, scikit-learn, statistics",AI & NLP,Software Developer
Graduate_576,"python, c++, tensorflow, cv, data mining, pytorch",Robotics,Other
Graduate_577,"bioinformatics, cv, java",Biology,Machine Learning Engineer
Graduate_578,"c++, python, deep learning",Physics,Other
Graduate_579,"deep learning, java, pytorch, data mining",Robotics,Machine Learning Engineer
Graduate_580,"data mining, java, sql, statistics, scikit-learn",Other,Other
Graduate_581,"python, tensorflow, c++",Cybersecurity,Postdoc
Graduate_582,"sql, bioinformatics, deep learning",Environmental Science,Research Scientist
Graduate_583,"bioinformatics, nlp, cv, statistics, scikit-learn",Robotics,Data Scientist
Graduate_584,"bioinformatics, tensorflow, cv, data mining",AI & NLP,Data Scientist
Graduate_585,"scikit-learn, cv, java, nlp",Other,Postdoc
Graduate_586,"nlp, c++, deep learning",Machine Learning,Research Scientist
Graduate_587,"c++, deep learning, python, java, nlp",Robotics,Postdoc
Graduate_588,"cv, scikit-learn, machine learning, nlp",Machine Learning,AI Researcher
Graduate_589,"c++, scikit-learn, deep learning",Chemistry,Software Developer
Graduate_590,"c++, sql, data mining, bioinformatics, python",Physics,Data Scientist
Graduate_591,"cv, pytorch, tensorflow, scikit-learn, statistics",Physics,AI Researcher
Graduate_592,"machine learning, pytorch, bioinformatics, c++",Biology,Software Developer
Graduate_593,"bioinformatics, nlp, sql, tensorflow, pytorch",Environmental Science,Other
Graduate_594,"sql, statistics, tensorflow, data mining, deep learning",Physics,Research Scientist
Graduate_595,"java, tensorflow, c++, data mining, statistics",Chemistry,Other
Graduate_596,"tensorflow, deep learning, java, machine learning, cv",Other,Machine Learning Engineer
Graduate_597,"data mining, machine learning, python, scikit-learn, pytorch, statistics",Robotics,Data Scientist
Graduate_598,"pytorch, statistics, cv",Other,Data Scientist
Graduate_599,"data mining, cv, c++, python, tensorflow",Physics,Postdoc
Graduate_600,"c++, data mining, machine learning",Physics,Research Scientist
Graduate_601,"machine learning, cv, nlp, tensorflow, python",Chemistry,AI Researcher
Graduate_602,"scikit-learn, tensorflow, nlp, deep learning, statistics, java",Machine Learning,AI Researcher
Graduate_603,"nlp, python, c++, deep learning, sql",Mathematics,Machine Learning Engineer
Graduate_604,"data mining, python, bioinformatics, nlp, scikit-learn, deep learning",Robotics,Postdoc
Graduate_605,"deep learning, bioinformatics, machine learning, tensorflow",Physics,Data Scientist
Graduate_606,"c++, pytorch, java, nlp, data mining, cv",Biology,Machine Learning Engineer
Graduate_607,"deep learning, python, sql, c++",Physics,Postdoc
Graduate_608,"pytorch, python, java, cv, tensorflow",Cybersecurity,Software Developer
Graduate_609,"cv, bioinformatics, machine learning, c++, java, nlp",Other,Data Scientist
Graduate_610,"nlp, scikit-learn, c++, machine learning",Biology,Machine Learning Engineer
Graduate_611,"sql, scikit-learn, pytorch, tensorflow, statistics, python",Mathematics,Machine Learning Engineer
Graduate_612,"python, tensorflow, bioinformatics, java",AI & NLP,Postdoc
Graduate_613,"c++, nlp, python, bioinformatics, pytorch, scikit-learn",Mathematics,Data Scientist
Graduate_614,"statistics, nlp, c++, java",Biology,Software Developer
Graduate_615,"nlp, sql, pytorch, tensorflow",Chemistry,AI Researcher
Graduate_616,"sql, statistics, java",Environmental Science,Postdoc
Graduate_617,"bioinformatics, sql, nlp, pytorch",Machine Learning,Software Developer
Graduate_618,"bioinformatics, pytorch, scikit-learn, statistics, c++, deep learning",Machine Learning,Research Scientist
Graduate_619,"nlp, cv, tensorflow, statistics",AI & NLP,Machine Learning Engineer
Graduate_620,"sql, machine learning, pytorch, bioinformatics, cv, java",Environmental Science,Postdoc
Graduate_621,"nlp, deep learning, sql, cv",Robotics,Data Scientist
Graduate_622,"statistics, pytorch, nlp, tensorflow",Other,Other
Graduate_623,"tensorflow, bioinformatics, pytorch, java",Physics,Other
Graduate_624,"java, scikit-learn, c++, sql, nlp, cv",Other,Research Scientist
Graduate_625,"python, bioinformatics, sql",Physics,AI Researcher
Graduate_626,"pytorch, sql, deep learning",Machine Learning,Postdoc
Graduate_627,"deep learning, bioinformatics, machine learning, data mining, pytorch",Robotics,Data Scientist
Graduate_628,"sql, data mining, deep learning, statistics, machine learning, cv",Machine Learning,Software Developer
Graduate_629,"c++, machine learning, deep learning, cv, java",Environmental Science,Machine Learning Engineer
Graduate_630,"cv, bioinformatics, data mining",Machine Learning,Postdoc
Graduate_631,"scikit-learn, cv, nlp, bioinformatics, statistics",Mathematics,Machine Learning Engineer
Graduate_632,"nlp, deep learning, python",AI & NLP,Software Developer
Graduate_633,"deep learning, tensorflow, data mining, java, nlp",AI & NLP,Data Scientist
Graduate_634,"nlp, python, data mining, machine learning, c++",Environmental Science,Machine Learning Engineer
Graduate_635,"nlp, pytorch, machine learning",Machine Learning,Research Scientist
Graduate_636,"scikit-learn, cv, machine learning, tensorflow",Environmental Science,AI Researcher
Graduate_637,"statistics, sql, python, machine learning",Biology,Postdoc
Graduate_638,"c++, machine learning, python",Cybersecurity,Machine Learning Engineer
Graduate_639,"data mining, bioinformatics, python",Cybersecurity,Machine Learning Engineer
Graduate_640,"java, cv, scikit-learn, machine learning, sql",Physics,AI Researcher
Graduate_641,"tensorflow, sql, nlp, java, bioinformatics",Mathematics,Postdoc
Graduate_642,"python, scikit-learn, statistics",Other,Data Scientist
Graduate_643,"cv, data mining, sql, bioinformatics",Robotics,Research Scientist
Graduate_644,"nlp, python, statistics, machine learning, scikit-learn, deep learning",AI & NLP,Postdoc
Graduate_645,"statistics, tensorflow, scikit-learn, sql, machine learning",Robotics,Data Scientist
Graduate_646,"c++, deep learning, java, sql",Chemistry,Postdoc
Graduate_647,"sql, data mining, c++, bioinformatics",Mathematics,Machine Learning Engineer
Graduate_648,"bioinformatics, scikit-learn, statistics, cv, pytorch, c++",Biology,Machine Learning Engineer
Graduate_649,"cv, java, bioinformatics, python",Mathematics,Research Scientist
Graduate_650,"c++, cv, sql, scikit-learn, pytorch, python",Environmental Science,AI Researcher
Graduate_651,"bioinformatics, deep learning, pytorch, data mining",Machine Learning,Research Scientist
Graduate_652,"cv, c++, scikit-learn, statistics, pytorch",Physics,Other
Graduate_653,"tensorflow, deep learning, python, machine learning",AI & NLP,Other
Graduate_654,"machine learning, statistics, c++",Environmental Science,Other
Graduate_655,"cv, statistics, pytorch, data mining",Other,Research Scientist
Graduate_656,"java, bioinformatics, sql",AI & NLP,Machine Learning Engineer
Graduate_657,"tensorflow, machine learning, c++, statistics, deep learning, java",Environmental Science,Machine Learning Engineer
Graduate_658,"pytorch, statistics, cv",Environmental Science,Research Scientist
Graduate_659,"pytorch, sql, python, bioinformatics",Chemistry,Research Scientist
Graduate_660,"python, deep learning, statistics, data mining, machine learning, cv",Cybersecurity,Other
Graduate_661,"tensorflow, python, data mining, java",Cybersecurity,Research Scientist
Graduate_662,"python, bioinformatics, statistics, sql",Mathematics,Machine Learning Engineer
Graduate_663,"nlp, tensorflow, statistics, deep learning",Physics,AI Researcher
Graduate_664,"c++, machine learning, java, cv, deep learning",Physics,AI Researcher
Graduate_665,"data mining, java, deep learning, bioinformatics",Biology,Data Scientist
Graduate_666,"c++, machine learning, data mining, scikit-learn, deep learning",Chemistry,Postdoc
Graduate_667,"machine learning, python, deep learning, cv",Biology,Machine Learning Engineer
Graduate_668,"bioinformatics, machine learning, c++, cv, statistics",Biology,Data Scientist
Graduate_669,"sql, deep learning, cv",Machine Learning,Postdoc
Graduate_670,"statistics, bioinformatics, pytorch, deep learning, sql",Other,AI Researcher
Graduate_671,"c++, tensorflow, python",Other,Other
Graduate_672,"sql, cv, tensorflow, nlp",Environmental Science,Postdoc
Graduate_673,"tensorflow, c++, scikit-learn, statistics",Machine Learning,Machine Learning Engineer
Graduate_674,"pytorch, scikit-learn, c++, nlp, tensorflow",Machine Learning,Postdoc
Graduate_675,"bioinformatics, nlp, statistics, pytorch, scikit-learn",Chemistry,Postdoc
Graduate_676,"python, deep learning, sql, cv, machine learning",Environmental Science,Postdoc
Graduate_677,"deep learning, c++, sql, machine learning, statistics, tensorflow",Other,Software Developer
Graduate_678,"nlp, python, scikit-learn, tensorflow, sql",Mathematics,Other
Graduate_679,"scikit-learn, cv, machine learning, nlp, c++",Environmental Science,Other
Graduate_680,"python, c++, deep learning, pytorch, sql, nlp",Chemistry,Data Scientist
Graduate_681,"bioinformatics, nlp, scikit-learn, data mining, pytorch, c++",Biology,Other
Graduate_682,"sql, pytorch, tensorflow, deep learning, java",Biology,Postdoc
Graduate_683,"bioinformatics, sql, data mining, pytorch, c++",Mathematics,Other
Graduate_684,"bioinformatics, c++, nlp, pytorch, python",Chemistry,Machine Learning Engineer
Graduate_685,"c++, java, deep learning, bioinformatics",Machine Learning,Data Scientist
Graduate_686,"statistics, tensorflow, pytorch, data mining",Robotics,Other
Graduate_687,"machine learning, scikit-learn, pytorch, java, sql, tensorflow",Environmental Science,Data Scientist
Graduate_688,"machine learning, java, sql",Physics,Software Developer
Graduate_689,"c++, data mining, statistics",Machine Learning,Postdoc
Graduate_690,"scikit-learn, bioinformatics, statistics, nlp",Physics,Software Developer
Graduate_691,"sql, machine learning, pytorch, scikit-learn, cv",Environmental Science,Other
Graduate_692,"bioinformatics, python, deep learning, nlp, c++",Environmental Science,AI Researcher
Graduate_693,"nlp, deep learning, c++, pytorch, tensorflow",Biology,Software Developer
Graduate_694,"statistics, cv, deep learning, machine learning",Chemistry,AI Researcher
Graduate_695,"sql, nlp, statistics, data mining, pytorch",Environmental Science,Data Scientist
Graduate_696,"machine learning, bioinformatics, pytorch",Mathematics,Software Developer
Graduate_697,"java, sql, python",Environmental Science,Other
Graduate_698,"sql, statistics, tensorflow, bioinformatics",Physics,Postdoc
Graduate_699,"sql, cv, python, scikit-learn",Mathematics,Research Scientist
Graduate_700,"statistics, tensorflow, deep learning",Other,Research Scientist
Graduate_701,"deep learning, statistics, python",Biology,Software Developer
Graduate_702,"machine learning, tensorflow, python",Machine Learning,Machine Learning Engineer
Graduate_703,"cv, scikit-learn, deep learning, bioinformatics, sql",Environmental Science,Machine Learning Engineer
Graduate_704,"python, tensorflow, machine learning, nlp",Biology,Research Scientist
Graduate_705,"statistics, pytorch, c++, python",Biology,Postdoc
Graduate_706,"cv, tensorflow, sql, statistics, java, python",Other,Machine Learning Engineer
Graduate_707,"machine learning, tensorflow, statistics",Biology,Machine Learning Engineer
Graduate_708,"java, data mining, tensorflow, cv, bioinformatics, c++",Cybersecurity,Data Scientist
Graduate_709,"scikit-learn, deep learning, bioinformatics, tensorflow, machine learning, statistics",Mathematics,Data Scientist
Graduate_710,"scikit-learn, sql, cv, python, statistics",Biology,Data Scientist
Graduate_711,"machine learning, sql, python",Cybersecurity,Machine Learning Engineer
Graduate_712,"pytorch, deep learning, java, bioinformatics, tensorflow, statistics",Machine Learning,Other
Graduate_713,"bioinformatics, python, scikit-learn, statistics",Cybersecurity,Machine Learning Engineer
Graduate_714,"python, sql, c++, tensorflow, bioinformatics, scikit-learn",Machine Learning,Research Scientist
Graduate_715,"cv, tensorflow, c++",Cybersecurity,Research Scientist
Graduate_716,"bioinformatics, python, machine learning, nlp, sql, tensorflow",Machine Learning,Other
Graduate_717,"pytorch, scikit-learn, sql",Machine Learning,Postdoc
Graduate_718,"java, data mining, c++, cv, bioinformatics",Mathematics,Other
Graduate_719,"scikit-learn, c++, tensorflow, java, cv, machine learning",Environmental Science,Other
Graduate_720,"java, pytorch, c++, tensorflow, data mining",Biology,Other
Graduate_721,"machine learning, scikit-learn, bioinformatics, java, statistics",Chemistry,Software Developer
Graduate_722,"c++, machine learning, tensorflow",Chemistry,Machine Learning Engineer
Graduate_723,"cv, machine learning, data mining, java, deep learning",Cybersecurity,Software Developer
Graduate_724,"scikit-learn, statistics, machine learning, python, tensorflow, deep learning",Physics,Postdoc
Graduate_725,"cv, pytorch, nlp, sql, statistics",Physics,Postdoc
Graduate_726,"c++, cv, data mining, python, machine learning, scikit-learn",Machine Learning,Other
Graduate_727,"tensorflow, python, pytorch, scikit-learn, sql, c++",Chemistry,Research Scientist
Graduate_728,"nlp, python, tensorflow, scikit-learn, sql, bioinformatics",Machine Learning,Data Scientist
Graduate_729,"tensorflow, java, data mining",Cybersecurity,Machine Learning Engineer
Graduate_730,"data mining, pytorch, statistics, cv",Machine Learning,Machine Learning Engineer
Graduate_731,"python, java, data mining, scikit-learn, sql",Environmental Science,Data Scientist
Graduate_732,"cv, bioinformatics, python, sql, statistics",Machine Learning,Other
Graduate_733,"sql, java, python",Environmental Science,Data Scientist
Graduate_734,"tensorflow, python, pytorch, machine learning, bioinformatics",Chemistry,Data Scientist
Graduate_735,"cv, java, deep learning, python",Environmental Science,AI Researcher
Graduate_736,"c++, bioinformatics, tensorflow",Environmental Science,Other
Graduate_737,"java, cv, data mining",AI & NLP,Data Scientist
Graduate_738,"statistics, sql, python, cv, scikit-learn, tensorflow",Environmental Science,Software Developer
Graduate_739,"statistics, machine learning, deep learning, python",Mathematics,AI Researcher
Graduate_740,"nlp, machine learning, deep learning, statistics",Other,Data Scientist
Graduate_741,"cv, tensorflow, machine learning, deep learning",Cybersecurity,Research Scientist
Graduate_742,"python, scikit-learn, tensorflow",Physics,AI Researcher
Graduate_743,"java, scikit-learn, deep learning",Machine Learning,Postdoc
Graduate_744,"deep learning, bioinformatics, python, tensorflow, scikit-learn, machine learning",Other,Machine Learning Engineer
Graduate_745,"bioinformatics, nlp, deep learning, statistics, cv, sql",AI & NLP,Machine Learning Engineer
Graduate_746,"java, tensorflow, cv, c++, scikit-learn",Chemistry,Machine Learning Engineer
Graduate_747,"scikit-learn, java, machine learning, deep learning",Chemistry,AI Researcher
Graduate_748,"pytorch, c++, java, nlp, python, data mining",Mathematics,Other
Graduate_749,"deep learning, nlp, tensorflow",Environmental Science,Research Scientist
Graduate_750,"scikit-learn, pytorch, statistics, tensorflow, c++",Physics,Software Developer
Graduate_751,"sql, java, nlp, c++, statistics, bioinformatics",Physics,Software Developer
Graduate_752,"statistics, bioinformatics, cv, nlp, machine learning",Robotics,AI Researcher
Graduate_753,"nlp, java, tensorflow, python, bioinformatics, machine learning",Mathematics,Machine Learning Engineer
Graduate_754,"pytorch, machine learning, statistics, tensorflow, java",AI & NLP,Data Scientist
Graduate_755,"sql, scikit-learn, cv, statistics",Cybersecurity,Other
Graduate_756,"cv, statistics, bioinformatics, java",Mathematics,Postdoc
Graduate_757,"scikit-learn, deep learning, machine learning, tensorflow, bioinformatics",Other,Data Scientist
Graduate_758,"bioinformatics, scikit-learn, java, statistics, data mining, cv",Physics,AI Researcher
Graduate_759,"python, scikit-learn, statistics, tensorflow, java, pytorch",Mathematics,Postdoc
Graduate_760,"cv, scikit-learn, deep learning, bioinformatics, nlp",Machine Learning,Machine Learning Engineer
Graduate_761,"tensorflow, bioinformatics, cv, scikit-learn",Physics,AI Researcher
Graduate_762,"sql, statistics, nlp, java, machine learning, bioinformatics",Physics,AI Researcher
Graduate_763,"c++, data mining, java, bioinformatics, machine learning",Physics,AI Researcher
Graduate_764,"machine learning, c++, sql",Robotics,Other
Graduate_765,"machine learning, tensorflow, cv, java, bioinformatics, nlp",AI & NLP,Data Scientist
Graduate_766,"deep learning, machine learning, nlp",Robotics,Other
Graduate_767,"data mining, bioinformatics, python, sql",Robotics,Data Scientist
Graduate_768,"cv, java, c++, machine learning, deep learning",Physics,Machine Learning Engineer
Graduate_769,"c++, python, scikit-learn",AI & NLP,Machine Learning Engineer
Graduate_770,"scikit-learn, deep learning, pytorch, machine learning, java",Chemistry,AI Researcher
Graduate_771,"pytorch, deep learning, data mining",Mathematics,Research Scientist
Graduate_772,"machine learning, tensorflow, sql, deep learning, bioinformatics, c++",Chemistry,Data Scientist
Graduate_773,"tensorflow, bioinformatics, data mining, cv",AI & NLP,Other
Graduate_774,"tensorflow, cv, nlp, statistics, c++",Biology,Software Developer
Graduate_775,"cv, pytorch, c++, data mining",Physics,Other
Graduate_776,"c++, statistics, scikit-learn, deep learning, bioinformatics, cv",AI & NLP,Machine Learning Engineer
Graduate_777,"sql, nlp, cv, scikit-learn, deep learning, java",Robotics,Data Scientist
Graduate_778,"deep learning, tensorflow, bioinformatics, nlp, statistics, python",Cybersecurity,Data Scientist
Graduate_779,"python, deep learning, sql, data mining, statistics, nlp",Cybersecurity,AI Researcher
Graduate_780,"machine learning, cv, data mining, sql, nlp",Cybersecurity,Research Scientist
Graduate_781,"bioinformatics, deep learning, java, tensorflow, c++",Cybersecurity,Machine Learning Engineer
Graduate_782,"sql, data mining, c++, java, bioinformatics",Chemistry,Machine Learning Engineer
Graduate_783,"tensorflow, c++, statistics, java, deep learning, python",Physics,Postdoc
Graduate_784,"bioinformatics, python, statistics, cv, sql, machine learning",Mathematics,Software Developer
Graduate_785,"bioinformatics, cv, statistics",Robotics,Postdoc
Graduate_786,"c++, sql, cv, statistics, python",Biology,AI Researcher
Graduate_787,"machine learning, sql, tensorflow",Biology,Postdoc
Graduate_788,"statistics, machine learning, cv, c++, nlp",Mathematics,Data Scientist
Graduate_789,"data mining, statistics, pytorch, machine learning",Cybersecurity,Software Developer
Graduate_790,"scikit-learn, tensorflow, deep learning, python, statistics",Cybersecurity,AI Researcher
Graduate_791,"pytorch, c++, tensorflow, data mining",Chemistry,Machine Learning Engineer
Graduate_792,"data mining, machine learning, python, scikit-learn, pytorch, c++",Physics,Machine Learning Engineer
Graduate_793,"scikit-learn, sql, statistics, pytorch, tensorflow, machine learning",Biology,Software Developer
Graduate_794,"sql, data mining, cv, scikit-learn, nlp, bioinformatics",Physics,Other
Graduate_795,"statistics, tensorflow, pytorch, java, python, data mining",Machine Learning,Other
Graduate_796,"java, sql, data mining, tensorflow",Physics,Research Scientist
Graduate_797,"data mining, statistics, sql, cv, java, nlp",Environmental Science,AI Researcher
Graduate_798,"cv, machine learning, data mining",Machine Learning,Postdoc
Graduate_799,"machine learning, nlp, tensorflow, sql",Biology,Machine Learning Engineer
Graduate_800,"machine learning, deep learning, nlp, pytorch, data mining, cv",Other,Postdoc
Graduate_801,"statistics, tensorflow, machine learning, c++, bioinformatics, data mining",Biology,AI Researcher
Graduate_802,"python, scikit-learn, c++, bioinformatics, pytorch, nlp",Robotics,Software Developer
Graduate_803,"machine learning, pytorch, bioinformatics, python, nlp, scikit-learn",Cybersecurity,Other
Graduate_804,"c++, cv, java, python",Biology,AI Researcher
Graduate_805,"cv, java, data mining",Robotics,Research Scientist
Graduate_806,"java, pytorch, sql",Machine Learning,Other
Graduate_807,"machine learning, c++, java, sql",Chemistry,Research Scientist
Graduate_808,"machine learning, java, sql",Chemistry,Machine Learning Engineer
Graduate_809,"data mining, pytorch, cv, sql",AI & NLP,Postdoc
Graduate_810,"statistics, machine learning, pytorch, sql, java",Robotics,Research Scientist
Graduate_811,"java, scikit-learn, cv, python",Mathematics,Other
Graduate_812,"python, data mining, sql, machine learning, scikit-learn",Physics,Research Scientist
Graduate_813,"nlp, sql, data mining, cv",Physics,Research Scientist
Graduate_814,"tensorflow, nlp, c++, statistics, bioinformatics",Biology,Data Scientist
Graduate_815,"scikit-learn, tensorflow, c++, pytorch, machine learning, statistics",Physics,Research Scientist
Graduate_816,"cv, machine learning, nlp, python, c++, java",Other,Software Developer
Graduate_817,"cv, bioinformatics, pytorch, tensorflow, python, machine learning",Cybersecurity,Research Scientist
Graduate_818,"scikit-learn, python, statistics",Robotics,Machine Learning Engineer
Graduate_819,"c++, python, bioinformatics, data mining",Machine Learning,Postdoc
Graduate_820,"cv, java, c++, python, bioinformatics",AI & NLP,Other
Graduate_821,"tensorflow, bioinformatics, c++",Machine Learning,AI Researcher
Graduate_822,"c++, java, data mining, machine learning, deep learning",Chemistry,Other
Graduate_823,"deep learning, nlp, sql",Mathematics,AI Researcher
Graduate_824,"c++, deep learning, java",Biology,Data Scientist
Graduate_825,"data mining, scikit-learn, nlp, python",Other,Data Scientist
Graduate_826,"machine learning, scikit-learn, sql",Environmental Science,Postdoc
Graduate_827,"data mining, bioinformatics, java",Machine Learning,Postdoc
Graduate_828,"java, sql, python, pytorch",Physics,AI Researcher
Graduate_829,"machine learning, statistics, sql, cv, java, python",Chemistry,Postdoc
Graduate_830,"c++, sql, tensorflow, pytorch, bioinformatics, machine learning",Chemistry,Software Developer
Graduate_831,"bioinformatics, sql, machine learning, deep learning, tensorflow, statistics",Physics,Research Scientist
Graduate_832,"cv, python, bioinformatics, statistics, data mining",Chemistry,Software Developer
Graduate_833,"data mining, tensorflow, scikit-learn, python, java",Cybersecurity,Postdoc
Graduate_834,"deep learning, python, tensorflow, scikit-learn",Physics,Data Scientist
Graduate_835,"python, bioinformatics, data mining, java",Chemistry,Other
Graduate_836,"deep learning, java, tensorflow, bioinformatics, sql",Biology,Postdoc
Graduate_837,"sql, data mining, python",Mathematics,Software Developer
Graduate_838,"bioinformatics, cv, data mining, tensorflow",Other,Data Scientist
Graduate_839,"python, scikit-learn, java, sql, cv",Chemistry,Machine Learning Engineer
Graduate_840,"statistics, machine learning, scikit-learn",Environmental Science,AI Researcher
Graduate_841,"bioinformatics, sql, nlp, python, c++",Machine Learning,AI Researcher
Graduate_842,"statistics, python, c++, cv, deep learning, tensorflow",Cybersecurity,Research Scientist
Graduate_843,"pytorch, python, c++",AI & NLP,Data Scientist
Graduate_844,"data mining, scikit-learn, deep learning, python, sql, cv",Robotics,Postdoc
Graduate_845,"scikit-learn, bioinformatics, nlp",AI & NLP,AI Researcher
Graduate_846,"data mining, c++, python, cv",Physics,Research Scientist
Graduate_847,"machine learning, data mining, java",Chemistry,Software Developer
Graduate_848,"sql, pytorch, cv, tensorflow",Mathematics,Software Developer
Graduate_849,"nlp, c++, pytorch, deep learning, sql, cv",Mathematics,Software Developer
Graduate_850,"scikit-learn, cv, deep learning, tensorflow, java",Mathematics,Software Developer
Graduate_851,"scikit-learn, pytorch, deep learning, c++",Environmental Science,Research Scientist
Graduate_852,"deep learning, statistics, scikit-learn",Mathematics,Other
Graduate_853,"deep learning, cv, python, machine learning, scikit-learn",Chemistry,Software Developer
Graduate_854,"deep learning, scikit-learn, c++, nlp, sql, cv",Chemistry,Machine Learning Engineer
Graduate_855,"nlp, tensorflow, statistics, java, pytorch, python",Mathematics,AI Researcher
Graduate_856,"machine learning, statistics, tensorflow, bioinformatics, deep learning, pytorch",AI & NLP,Machine Learning Engineer
Graduate_857,"machine learning, bioinformatics, tensorflow, cv",Physics,AI Researcher
Graduate_858,"machine learning, c++, deep learning, pytorch",Mathematics,AI Researcher
Graduate_859,"pytorch, nlp, cv, deep learning, java",Mathematics,Software Developer
Graduate_860,"pytorch, bioinformatics, tensorflow",Biology,Data Scientist
Graduate_861,"c++, bioinformatics, sql",Physics,AI Researcher
Graduate_862,"python, cv, nlp, sql, machine learning",Machine Learning,Software Developer
Graduate_863,"scikit-learn, machine learning, pytorch, deep learning, c++",Biology,Postdoc
Graduate_864,"deep learning, pytorch, data mining, cv, python, statistics",Biology,Software Developer
Graduate_865,"cv, c++, machine learning",Environmental Science,Other
Graduate_866,"machine learning, statistics, data mining, python",Machine Learning,Other
Graduate_867,"sql, bioinformatics, deep learning, java, scikit-learn",Robotics,AI Researcher
Graduate_868,"machine learning, python, sql, pytorch, tensorflow",Environmental Science,Software Developer
Graduate_869,"bioinformatics, pytorch, python, java, statistics",Mathematics,AI Researcher
Graduate_870,"cv, scikit-learn, tensorflow, java",Robotics,Research Scientist
Graduate_871,"sql, java, scikit-learn, tensorflow, data mining",Physics,Data Scientist
Graduate_872,"python, c++, deep learning, java, sql, statistics",Biology,Software Developer
Graduate_873,"scikit-learn, machine learning, cv",Cybersecurity,AI Researcher
Graduate_874,"tensorflow, sql, java, statistics",Environmental Science,Other
Graduate_875,"cv, bioinformatics, sql",Other,AI Researcher
Graduate_876,"bioinformatics, c++, java, tensorflow, pytorch",Biology,Other
Graduate_877,"nlp, scikit-learn, java",Other,Research Scientist
Graduate_878,"nlp, scikit-learn, c++, java",Cybersecurity,Machine Learning Engineer
Graduate_879,"cv, java, machine learning, c++, scikit-learn, pytorch",AI & NLP,Postdoc
Graduate_880,"python, bioinformatics, tensorflow",Cybersecurity,Postdoc
Graduate_881,"scikit-learn, nlp, cv, statistics, pytorch, sql",AI & NLP,Other
Graduate_882,"deep learning, python, bioinformatics, c++",Cybersecurity,Other
Graduate_883,"java, c++, scikit-learn",AI & NLP,Research Scientist
Graduate_884,"cv, sql, python, machine learning",Chemistry,Software Developer
Graduate_885,"java, bioinformatics, scikit-learn",AI & NLP,Machine Learning Engineer
Graduate_886,"tensorflow, bioinformatics, data mining, nlp, statistics, sql",Robotics,AI Researcher
Graduate_887,"deep learning, pytorch, scikit-learn, cv, tensorflow, bioinformatics",Machine Learning,Other
Graduate_888,"java, bioinformatics, cv, nlp, scikit-learn",Environmental Science,Postdoc
Graduate_889,"bioinformatics, python, deep learning, machine learning",Biology,Research Scientist
Graduate_890,"statistics, cv, c++, bioinformatics, sql, data mining",Other,Data Scientist
Graduate_891,"java, deep learning, tensorflow",Machine Learning,Postdoc
Graduate_892,"cv, data mining, tensorflow",Cybersecurity,Postdoc
Graduate_893,"scikit-learn, nlp, machine learning, pytorch, statistics, tensorflow",Physics,AI Researcher
Graduate_894,"scikit-learn, bioinformatics, python, tensorflow, nlp, c++",Environmental Science,Machine Learning Engineer
Graduate_895,"sql, bioinformatics, nlp, machine learning, python, deep learning",Mathematics,AI Researcher
Graduate_896,"scikit-learn, pytorch, nlp, data mining",Machine Learning,Postdoc
Graduate_897,"scikit-learn, machine learning, data mining, nlp, pytorch, python",Physics,Software Developer
Graduate_898,"python, nlp, data mining, c++, tensorflow",Mathematics,Software Developer
Graduate_899,"java, deep learning, c++",Biology,Other
Graduate_900,"sql, data mining, pytorch, scikit-learn",Other,Other
Graduate_901,"pytorch, sql, cv, nlp, scikit-learn",Chemistry,Software Developer
Graduate_902,"pytorch, tensorflow, nlp",Mathematics,AI Researcher
Graduate_903,"data mining, sql, deep learning",AI & NLP,Other
Graduate_904,"data mining, c++, sql, scikit-learn, nlp, tensorflow",Physics,Software Developer
Graduate_905,"scikit-learn, pytorch, deep learning",Robotics,AI Researcher
Graduate_906,"data mining, bioinformatics, statistics",Machine Learning,Postdoc
Graduate_907,"c++, tensorflow, sql",Machine Learning,Research Scientist
Graduate_908,"c++, pytorch, cv, java, data mining",Mathematics,Other
Graduate_909,"python, nlp, machine learning, cv, sql",Robotics,Software Developer
Graduate_910,"bioinformatics, statistics, sql",Mathematics,Other
Graduate_911,"tensorflow, cv, bioinformatics, deep learning, c++, python",Chemistry,Machine Learning Engineer
Graduate_912,"scikit-learn, pytorch, tensorflow, sql, c++",Biology,Other
Graduate_913,"statistics, deep learning, pytorch, nlp, scikit-learn, python",Physics,Software Developer
Graduate_914,"machine learning, bioinformatics, python",Machine Learning,Data Scientist
Graduate_915,"java, statistics, data mining, sql, tensorflow, deep learning",Biology,Machine Learning Engineer
Graduate_916,"pytorch, java, python, statistics, scikit-learn",Environmental Science,Other
Graduate_917,"tensorflow, scikit-learn, c++, pytorch, data mining",Cybersecurity,Machine Learning Engineer
Graduate_918,"machine learning, python, statistics, tensorflow, bioinformatics",Other,Machine Learning Engineer
Graduate_919,"cv, python, tensorflow, scikit-learn",Chemistry,Machine Learning Engineer
Graduate_920,"sql, python, data mining, cv, c++, java",Biology,Software Developer
Graduate_921,"scikit-learn, cv, data mining, python, pytorch",Biology,AI Researcher
Graduate_922,"sql, deep learning, data mining, bioinformatics",Mathematics,Software Developer
Graduate_923,"machine learning, nlp, tensorflow, java, python",Cybersecurity,Data Scientist
Graduate_924,"pytorch, data mining, cv, tensorflow, nlp, java",Other,Research Scientist
Graduate_925,"nlp, pytorch, scikit-learn, python, tensorflow, machine learning",Other,Machine Learning Engineer
Graduate_926,"python, pytorch, deep learning",Physics,Postdoc
Graduate_927,"sql, machine learning, c++",Physics,Other
Graduate_928,"bioinformatics, c++, tensorflow",Environmental Science,Software Developer
Graduate_929,"tensorflow, scikit-learn, cv",Cybersecurity,Software Developer
Graduate_930,"bioinformatics, sql, c++",Physics,Software Developer
Graduate_931,"deep learning, bioinformatics, machine learning, sql",Machine Learning,Postdoc
Graduate_932,"sql, bioinformatics, tensorflow, scikit-learn, nlp, machine learning",Environmental Science,Machine Learning Engineer
Graduate_933,"python, cv, c++, data mining, machine learning, bioinformatics",Physics,Data Scientist
Graduate_934,"cv, scikit-learn, deep learning",Machine Learning,Software Developer
Graduate_935,"data mining, tensorflow, sql, python, c++, cv",Physics,Software Developer
Graduate_936,"pytorch, java, c++, statistics, deep learning, cv",Mathematics,Machine Learning Engineer
Graduate_937,"nlp, bioinformatics, python, tensorflow, java, deep learning",Environmental Science,Machine Learning Engineer
Graduate_938,"python, scikit-learn, machine learning, data mining, c++, statistics",Cybersecurity,Machine Learning Engineer
Graduate_939,"c++, python, nlp",Mathematics,Data Scientist
Graduate_940,"data mining, nlp, java, cv, machine learning",Physics,Postdoc
Graduate_941,"bioinformatics, python, deep learning",Environmental Science,Software Developer
Graduate_942,"java, pytorch, deep learning, machine learning",Environmental Science,Postdoc
Graduate_943,"pytorch, bioinformatics, tensorflow, deep learning",Machine Learning,Research Scientist
Graduate_944,"cv, tensorflow, nlp, statistics, pytorch",Mathematics,Data Scientist
Graduate_945,"tensorflow, statistics, java",AI & NLP,AI Researcher
Graduate_946,"machine learning, python, statistics, c++, nlp, deep learning",Robotics,Other
Graduate_947,"data mining, nlp, deep learning, tensorflow",AI & NLP,Software Developer
Graduate_948,"bioinformatics, nlp, tensorflow, scikit-learn, java, data mining",Environmental Science,Research Scientist
Graduate_949,"data mining, deep learning, sql",Physics,Software Developer
Graduate_950,"c++, nlp, data mining, sql, machine learning, bioinformatics",AI & NLP,Research Scientist
Graduate_951,"tensorflow, sql, statistics, data mining, nlp, java",AI & NLP,Data Scientist
Graduate_952,"scikit-learn, cv, nlp, c++",Cybersecurity,Data Scientist
Graduate_953,"deep learning, machine learning, sql, c++",Robotics,Postdoc
Graduate_954,"data mining, machine learning, java, tensorflow, statistics",Chemistry,Postdoc
Graduate_955,"sql, scikit-learn, pytorch, data mining, python, statistics",Other,Research Scientist
Graduate_956,"bioinformatics, nlp, data mining",AI & NLP,Machine Learning Engineer
Graduate_957,"tensorflow, cv, pytorch, sql, data mining, java",Robotics,AI Researcher
Graduate_958,"pytorch, tensorflow, data mining",Other,Data Scientist
Graduate_959,"cv, c++, pytorch",AI & NLP,Other
Graduate_960,"tensorflow, pytorch, c++",Environmental Science,Research Scientist
Graduate_961,"deep learning, pytorch, machine learning, scikit-learn",Chemistry,Machine Learning Engineer
Graduate_962,"machine learning, pytorch, nlp",Environmental Science,Research Scientist
Graduate_963,"deep learning, machine learning, bioinformatics, python, statistics, data mining",Physics,Research Scientist
Graduate_964,"bioinformatics, nlp, scikit-learn, sql",Physics,Machine Learning Engineer
Graduate_965,"sql, data mining, c++, machine learning, tensorflow",Machine Learning,Research Scientist
Graduate_966,"java, tensorflow, cv",Cybersecurity,Postdoc
Graduate_967,"sql, scikit-learn, python",Mathematics,Postdoc
Graduate_968,"scikit-learn, cv, c++",Environmental Science,Postdoc
Graduate_969,"deep learning, sql, statistics, java",Physics,Software Developer
Graduate_970,"data mining, tensorflow, sql, python, deep learning",Cybersecurity,Research Scientist
Graduate_971,"sql, deep learning, data mining, cv",Cybersecurity,Software Developer
Graduate_972,"data mining, tensorflow, sql, scikit-learn, c++",Biology,Machine Learning Engineer
Graduate_973,"machine learning, scikit-learn, deep learning, pytorch, tensorflow",AI & NLP,Machine Learning Engineer
Graduate_974,"tensorflow, bioinformatics, statistics, pytorch, data mining",Chemistry,Machine Learning Engineer
Graduate_975,"python, java, pytorch, statistics",Environmental Science,Data Scientist
Graduate_976,"cv, nlp, c++",Physics,Postdoc
Graduate_977,"bioinformatics, c++, tensorflow, data mining, nlp",Physics,Data Scientist
Graduate_978,"nlp, c++, bioinformatics, java, python, statistics",Cybersecurity,Data Scientist
Graduate_979,"machine learning, java, sql, python",Cybersecurity,Data Scientist
Graduate_980,"deep learning, tensorflow, machine learning",Robotics,Postdoc
Graduate_981,"tensorflow, machine learning, c++, statistics, bioinformatics",Physics,Data Scientist
Graduate_982,"cv, deep learning, nlp, sql, bioinformatics, statistics",Physics,Other
Graduate_983,"c++, sql, scikit-learn, pytorch, statistics, python",Physics,Research Scientist
Graduate_984,"cv, sql, data mining",Physics,Software Developer
Graduate_985,"c++, pytorch, sql, deep learning, data mining",Other,Research Scientist
Graduate_986,"bioinformatics, scikit-learn, cv, deep learning",Machine Learning,Machine Learning Engineer
Graduate_987,"tensorflow, nlp, pytorch, bioinformatics, data mining, cv",Cybersecurity,Machine Learning Engineer
Graduate_988,"deep learning, pytorch, c++, statistics, cv",Other,Postdoc
Graduate_989,"deep learning, scikit-learn, sql, statistics, c++",Robotics,Other
Graduate_990,"statistics, pytorch, nlp, java",AI & NLP,Research Scientist
Graduate_991,"cv, java, nlp",Robotics,Data Scientist
Graduate_992,"deep learning, java, c++",AI & NLP,Software Developer
Graduate_993,"statistics, java, python, c++, bioinformatics",Mathematics,Postdoc
Graduate_994,"machine learning, pytorch, nlp, python, c++",Other,Research Scientist
Graduate_995,"nlp, bioinformatics, data mining, c++, scikit-learn, deep learning",Chemistry,Other
Graduate_996,"java, statistics, bioinformatics, c++",Chemistry,Software Developer
Graduate_997,"bioinformatics, statistics, python, data mining, tensorflow",Mathematics,Machine Learning Engineer
Graduate_998,"java, nlp, python, c++",Machine Learning,AI Researcher
Graduate_999,"tensorflow, bioinformatics, pytorch, scikit-learn",Physics,Other
Graduate_1000,"statistics, pytorch, java",Machine Learning,Data Scientist
